image_path,label
dataset/img/2021-12-01-08-11-00.jpg,estratocumuliformes
dataset/img/2021-12-01-08-15-00.jpg,estratocumuliformes
dataset/img/2021-12-01-08-18-00.jpg,estratocumuliformes
dataset/img/2021-12-01-08-22-00.jpg,estratocumuliformes
dataset/img/2021-12-01-08-26-00.jpg,estratocumuliformes
dataset/img/2021-12-01-08-28-00.jpg,estratocumuliformes
dataset/img/2021-12-01-08-30-00.jpg,estratocumuliformes
dataset/img/2021-12-01-08-34-00.jpg,estratocumuliformes
dataset/img/2021-12-01-08-38-00.jpg,estratocumuliformes
dataset/img/2021-12-01-08-41-00.jpg,cirriformes
dataset/img/2021-12-01-08-46-00.jpg,estratiformes
dataset/img/2021-12-01-08-50-00.jpg,cirriformes
dataset/img/2021-12-01-08-53-00.jpg,estratiformes
dataset/img/2021-12-01-08-58-00.jpg,cirriformes
dataset/img/2021-12-01-09-02-00.jpg,estratiformes
dataset/img/2021-12-01-09-06-00.jpg,estratocumuliformes
dataset/img/2021-12-01-09-10-00.jpg,estratocumuliformes
dataset/img/2021-12-01-09-14-00.jpg,estratocumuliformes
dataset/img/2021-12-01-09-18-00.jpg,estratocumuliformes
dataset/img/2021-12-01-09-22-00.jpg,estratocumuliformes
dataset/img/2021-12-01-09-26-00.jpg,estratocumuliformes
dataset/img/2021-12-01-09-30-00.jpg,estratocumuliformes
dataset/img/2021-12-01-09-34-00.jpg,estratocumuliformes
dataset/img/2021-12-01-09-38-00.jpg,estratocumuliformes
dataset/img/2021-12-01-09-42-00.jpg,estratocumuliformes
dataset/img/2021-12-01-09-50-00.jpg,estratocumuliformes
dataset/img/2021-12-01-09-54-00.jpg,estratocumuliformes
dataset/img/2021-12-01-09-56-00.jpg,estratocumuliformes
dataset/img/2021-12-01-09-58-00.jpg,estratocumuliformes
dataset/img/2021-12-01-09-59-00.jpg,estratocumuliformes
dataset/img/2021-12-01-10-02-00.jpg,estratocumuliformes
dataset/img/2021-12-01-10-06-00.jpg,estratiformes
dataset/img/2021-12-01-10-28-00.jpg,cumuliformes
dataset/img/2021-12-01-10-29-00.jpg,cumuliformes
dataset/img/2021-12-01-11-12-00.jpg,cumuliformes
dataset/img/2021-12-01-11-14-00.jpg,cumuliformes
dataset/img/2021-12-01-11-16-00.jpg,cumuliformes
dataset/img/2021-12-01-11-18-00.jpg,cumuliformes
dataset/img/2021-12-01-11-20-00.jpg,cumuliformes
dataset/img/2021-12-01-11-24-00.jpg,cumuliformes
dataset/img/2021-12-01-11-26-00.jpg,cumuliformes
dataset/img/2021-12-01-11-31-00.jpg,cumuliformes
dataset/img/2021-12-01-11-35-00.jpg,estratocumuliformes
dataset/img/2021-12-01-11-39-00.jpg,cumuliformes
dataset/img/2021-12-01-11-45-00.jpg,cirriformes
dataset/img/2021-12-01-11-47-00.jpg,cirriformes
dataset/img/2021-12-01-11-49-00.jpg,cirriformes
dataset/img/2021-12-01-11-51-00.jpg,cirriformes
dataset/img/2021-12-01-11-53-00.jpg,cirriformes
dataset/img/2021-12-01-11-57-00.jpg,estratocumuliformes
dataset/img/2021-12-01-12-01-00.jpg,estratocumuliformes
dataset/img/2021-12-01-12-05-00.jpg,cumuliformes
dataset/img/2021-12-01-12-07-00.jpg,cumuliformes
dataset/img/2021-12-01-12-09-00 (1).jpg,cumuliformes
dataset/img/2021-12-01-12-09-00.jpg,cumuliformes
dataset/img/2021-12-01-12-13-00.jpg,cumuliformes
dataset/img/2021-12-01-12-17-00.jpg,cumuliformes
dataset/img/2021-12-01-12-21-00.jpg,cumuliformes
dataset/img/Abril - 2021-06-04-00.jpg,cumuliformes
dataset/img/Abril - 2021-06-15-00.jpg,estratocumuliformes
dataset/img/Abril - 2021-06-28-00.jpg,estratocumuliformes
dataset/img/Abril - 2021-06-37-00.jpg,estratocumuliformes
dataset/img/Abril - 2021-06-38-00.jpg,estratocumuliformes
dataset/img/Abril - 2021-06-41-00.jpg,estratocumuliformes
dataset/img/Abril - 2021-06-48-00.jpg,estratocumuliformes
dataset/img/Abril - 2021-07-01-00 (1).jpg,estratocumuliformes
dataset/img/Abril - 2021-07-01-00.jpg,estratocumuliformes
dataset/img/Abril - 2021-07-07-00.jpg,estratocumuliformes
dataset/img/Abril - 2021-07-09-00.jpg,cirriformes
dataset/img/Abril - 2021-07-27-00.jpg,estratocumuliformes
dataset/img/Abril - 2021-07-38-00.jpg,estratocumuliformes
dataset/img/Abril - 2021-07-52-00.jpg,estratocumuliformes
dataset/img/Abril - 2021-08-12-00.jpg,estratocumuliformes
dataset/img/Abril - 2021-08-41-00.jpg,estratocumuliformes
dataset/img/Abril - 2021-08-51-00.jpg,estratocumuliformes
dataset/img/Abril - 2021-09-01-00.jpg,estratocumuliformes
dataset/img/Abril - 2021-09-17-00.jpg,estratocumuliformes
dataset/img/Abril - 2021-09-22-00.jpg,estratocumuliformes
dataset/img/Abril - 2021-09-36-00.jpg,estratocumuliformes
dataset/img/Abril - 2021-09-56-00.jpg,estratocumuliformes
dataset/img/Abril - 2021-10-03-00.jpg,estratocumuliformes
dataset/img/Abril - 2021-10-05-00.jpg,estratocumuliformes
dataset/img/Abril - 2021-10-13-00.jpg,estratocumuliformes
dataset/img/Abril - 2021-10-24-00.jpg,estratocumuliformes
dataset/img/Abril - 2021-10-45-00.jpg,estratocumuliformes
dataset/img/Abril - 2021-10-53-00.jpg,estratocumuliformes
dataset/img/Abril - 2021-11-14-00.jpg,estratocumuliformes
dataset/img/Abril - 2021-11-37-00.jpg,estratocumuliformes
dataset/img/Abril - 2021-11-40-00.jpg,estratocumuliformes
dataset/img/Abril - 2021-11-58-00.jpg,estratocumuliformes
dataset/img/Abril - 2021-12-02-00.jpg,estratocumuliformes
dataset/img/Abril - 2021-12-23-00.jpg,estratocumuliformes
dataset/img/Abril - 2021-12-24-00.jpg,estratocumuliformes
dataset/img/Abril - 2021-12-25-00.jpg,estratocumuliformes
dataset/img/Abril - 2021-12-39-00.jpg,estratocumuliformes
dataset/img/Abril - 2021-12-41-00.jpg,cumuliformes
dataset/img/Abril - 2021-12-52-00.jpg,estratocumuliformes
dataset/img/Abril - 2021-13-18-00.jpg,estratocumuliformes
dataset/img/Abril - 2021-13-33-00.jpg,estratocumuliformes
dataset/img/Abril - 2021-13-59-00.jpg,estratocumuliformes
dataset/img/Abril - 2021-14-23-00.jpg,estratocumuliformes
dataset/img/Abril - 2021-14-35-00.jpg,estratocumuliformes
dataset/img/Abril - 2021-15-13-00.jpg,estratocumuliformes
dataset/img/Abril - 2021-15-49-00.jpg,estratocumuliformes
dataset/img/Abril - 2021-17-01-00.jpg,estratocumuliformes
dataset/img/Abril - 2021-17-17-00.jpg,estratocumuliformes
dataset/img/Abril - 2021-17-28-00.jpg,estratiformes
dataset/img/Abril - 2021-17-42-00.jpg,estratocumuliformes
dataset/img/Abril - 2021-17-52-00.jpg,estratocumuliformes
dataset/img/Abril - 2021-17-55-00.jpg,estratocumuliformes
dataset/img/Abril - 2021-17-56-00.jpg,estratocumuliformes
dataset/img/Abril - 2021-17-59-00.jpg,estratiformes
dataset/img/Abril - 2021-18-12-00.jpg,estratocumuliformes
dataset/img/Abril - 2021-18-28-00.jpg,estratocumuliformes
dataset/img/Cam 0 - Parte 1-09-29-00.jpg,estratocumuliformes
dataset/img/Cam 0 - Parte 1-09-30-00.jpg,estratiformes
dataset/img/Cam 0 - Parte 1-09-31-00.jpg,estratocumuliformes
dataset/img/Cam 0 - Parte 1-09-34-00.jpg,cirriformes
dataset/img/Cam 0 - Parte 1-10-01-00.jpg,estratocumuliformes
dataset/img/Cam 0 - Parte 1-10-05-00.jpg,cirriformes
dataset/img/Cam 0 - Parte 1-10-08-00.jpg,estratiformes
dataset/img/Cam 0 - Parte 1-10-21-00.jpg,estratocumuliformes
dataset/img/Cam 0 - Parte 1-10-22-00.jpg,estratocumuliformes
dataset/img/Cam 0 - Parte 1-10-31-00.jpg,estratiformes
dataset/img/Cam 0 - Parte 1-10-34-00.jpg,estratiformes
dataset/img/Cam 0 - Parte 1-10-39-00.jpg,estratiformes
dataset/img/Cam 0 - Parte 1-11-02-00.jpg,estratocumuliformes
dataset/img/Cam 0 - Parte 1-11-04-00.jpg,estratiformes
dataset/img/Cam 0 - Parte 1-11-33-00.jpg,estratocumuliformes
dataset/img/Cam 0 - Parte 1-11-38-00.jpg,estratocumuliformes
dataset/img/Cam 0 - Parte 1-11-42-00.jpg,estratiformes
dataset/img/Cam 0 - Parte 1-11-47-00.jpg,estratocumuliformes
dataset/img/Cam 0 - Parte 1-12-13-00 (1).jpg,estratocumuliformes
dataset/img/Cam 0 - Parte 1-12-13-00.jpg,estratiformes
dataset/img/Cam 0 - Parte 1-12-17-00.jpg,estratiformes
dataset/img/Cam 0 - Parte 1-12-28-00.jpg,estratocumuliformes
dataset/img/Cam 0 - Parte 1-12-38-00.jpg,estratocumuliformes
dataset/img/Cam 0 - Parte 1-12-41-00.jpg,estratocumuliformes
dataset/img/Cam 0 - Parte 1-12-50-00.jpg,cumuliformes
dataset/img/Cam 0 - Parte 1-12-57-00.jpg,estratocumuliformes
dataset/img/Cam 0 - Parte 1-12-58-00.jpg,estratocumuliformes
dataset/img/Cam 0 - Parte 1-13-07-00.jpg,estratocumuliformes
dataset/img/Cam 0 - Parte 1-13-24-00.jpg,estratocumuliformes
dataset/img/Cam 0 - Parte 1-13-43-00.jpg,estratocumuliformes
dataset/img/Cam 0 - Parte 1-13-54-00.jpg,cirriformes
dataset/img/Cam 0 - Parte 1-14-09-00.jpg,estratocumuliformes
dataset/img/Cam 0 - Parte 1-15-09-00.jpg,estratocumuliformes
dataset/img/Cam 0 - Parte 1-15-49-00.jpg,estratiformes
dataset/img/Cam 0 - Parte 1-16-30-00.jpg,cirriformes
dataset/img/Cam 0 - Parte 1-16-39-00.jpg,estratocumuliformes
dataset/img/Cam 0 - Parte 1-16-48-00.jpg,estratocumuliformes
dataset/img/Cam 0 - Parte 1-17-06-00.jpg,estratocumuliformes
dataset/img/Cam 0 - Parte 1-18-15-00.jpg,estratocumuliformes
dataset/img/Cam 0 - Parte 1-18-43-00.jpg,estratocumuliformes
dataset/img/Cam 0 - Parte 1-19-00-00.jpg,estratiformes
dataset/img/Cam 0 - Parte 1-20-18-00.jpg,cirriformes
dataset/img/Cam 0 - Parte 1-20-26-00.jpg,estratiformes
dataset/img/Cam 0 - Parte 1-20-34-00.jpg,estratiformes
dataset/img/Cam 0 - Parte 1-20-44-00.jpg,estratocumuliformes
dataset/img/Cam 0 - Parte 1-20-55-00.jpg,estratiformes
dataset/img/Cam0 - Dezembro 2021-2021-12-01-11-19-00.jpg,cumuliformes
dataset/img/Cam0 - Dezembro 2021-2021-12-08-10-40-00.jpg,estratocumuliformes
dataset/img/Cam0 - Dezembro 2021-2021-12-10-10-07-00.jpg,estratocumuliformes
dataset/img/Cam0 - Dezembro 2021-2021-12-10-10-47-00.jpg,estratocumuliformes
dataset/img/Cam0 - Dezembro 2021-2021-12-10-11-37-00.jpg,cumuliformes
dataset/img/Cam0 - Dezembro 2021-2021-12-12-14-21-00.jpg,estratocumuliformes
dataset/img/Cam0 - Dezembro 2021-2021-12-12-14-45-00.jpg,estratiformes
dataset/img/Cam0 - Dezembro 2021-2021-12-12-15-21-00.jpg,cirriformes
dataset/img/Cam0 - Dezembro 2021-2021-12-12-15-36-00.jpg,estratocumuliformes
dataset/img/Cam0 - Dezembro 2021-2021-12-12-15-56-00.jpg,estratocumuliformes
dataset/img/Cam0 - Dezembro 2021-2021-12-16-09-51-00.jpg,estratiformes
dataset/img/Cam0 - Dezembro 2021-2021-12-16-10-34-00.jpg,cumuliformes
dataset/img/Cam0 - Dezembro 2021-2021-12-16-10-46-00.jpg,estratiformes
dataset/img/Cam0 - Dezembro 2021-2021-12-17-09-22-00.jpg,estratocumuliformes
dataset/img/Cam0 - Dezembro 2021-2021-12-17-09-48-00.jpg,estratocumuliformes
dataset/img/Cam0 - Dezembro 2021-2021-12-17-12-49-00.jpg,estratocumuliformes
dataset/img/Cam0 - Dezembro 2021-2021-12-18-08-48-00.jpg,estratocumuliformes
dataset/img/Cam0 - Dezembro 2021-2021-12-18-10-46-00.jpg,estratocumuliformes
dataset/img/Cam0 - Dezembro 2021-2021-12-19-13-43-00.jpg,estratocumuliformes
dataset/img/Cam0 - Dezembro 2021-2021-12-20-08-45-00.jpg,cumuliformes
dataset/img/Cam0 - Dezembro 2021-2021-12-20-10-29-00.jpg,estratocumuliformes
dataset/img/Cam0 - Dezembro 2021-2021-12-20-11-12-00.jpg,estratiformes
dataset/img/Cam0 - Dezembro 2021-2021-12-20-22-00-00.jpg,estratiformes
dataset/img/Cam0 - Dezembro 2021-2021-12-21-08-45-00.jpg,estratocumuliformes
dataset/img/Cam0 - Dezembro 2021-2021-12-21-17-40-00.jpg,estratiformes
dataset/img/Cam0 - Dezembro 2021-2021-12-21-20-38-00.jpg,estratiformes
dataset/img/Cam0 - Dezembro 2021-2021-12-21-21-07-00.jpg,estratiformes
dataset/img/Cam0 - Dezembro 2021-2021-12-21-21-44-00.jpg,estratiformes
dataset/img/Cam0 - Dezembro 2021-2021-12-22-08-17-00.jpg,estratiformes
dataset/img/Cam0 - Dezembro 2021-2021-12-22-08-47-00.jpg,estratocumuliformes
dataset/img/Cam0 - Dezembro 2021-2021-12-22-09-01-00.jpg,estratocumuliformes
dataset/img/Cam0 - Dezembro 2021-2021-12-22-09-19-00.jpg,estratocumuliformes
dataset/img/Cam0 - Dezembro 2021-2021-12-22-10-04-00.jpg,estratocumuliformes
dataset/img/Cam0 - Dezembro 2021-2021-12-22-10-24-00.jpg,estratocumuliformes
dataset/img/Cam0 - Dezembro 2021-2021-12-22-10-39-00.jpg,estratocumuliformes
dataset/img/Cam0 - Dezembro 2021-2021-12-22-10-55-00.jpg,estratocumuliformes
dataset/img/Cam0 - Dezembro 2021-2021-12-22-11-02-00.jpg,estratiformes
dataset/img/Cam0 - Dezembro 2021-2021-12-23-10-47-00.jpg,cumuliformes
dataset/img/Cam0 - Dezembro 2021-2021-12-23-12-25-00.jpg,cirriformes
dataset/img/Cam0 - Dezembro 2021-2021-12-23-12-50-00.jpg,cumuliformes
dataset/img/Cam0 - Dezembro 2021-2021-12-23-13-08-00.jpg,cumuliformes
dataset/img/Cam0 - Dezembro 2021-2021-12-24-09-45-00.jpg,estratocumuliformes
dataset/img/Cam0 - Dezembro 2021-2021-12-29-09-26-00.jpg,estratocumuliformes
dataset/img/Cam0 - Part 2-2021-05-14_10-05-00.jpg,cirriformes
dataset/img/Cam0 - Part 2-2021-05-14_10-17-00.jpg,estratocumuliformes
dataset/img/Cam0 - Part 2-2021-05-14_10-35-00.jpg,cirriformes
dataset/img/Cam0 - Part 2-2021-05-14_11-24-00.jpg,cirriformes
dataset/img/Cam0 - Part 2-2021-05-14_11-35-00.jpg,cirriformes
dataset/img/Cam0 - Part 2-2021-05-14_12-24-00.jpg,estratocumuliformes
dataset/img/Cam0 - Part 2-2021-05-14_12-48-00.jpg,cirriformes
dataset/img/Cam0 - Part 2-2021-05-14_12-59-00.jpg,cirriformes
dataset/img/Cam0 - Part 2-2021-05-14_13-17-00.jpg,estratiformes
dataset/img/Cam0 - Part 2-2021-05-14_13-51-00.jpg,cirriformes
dataset/img/Cam0 - Part 2-2021-05-14_16-30-00.jpg,estratocumuliformes
dataset/img/Cam0 - Part 2-2021-05-14_16-37-00.jpg,estratocumuliformes
dataset/img/Cam0 - Part 2-2021-05-14_17-29-00.jpg,estratocumuliformes
dataset/img/Cam0 - Part 2-2021-05-14_18-18-00.jpg,estratocumuliformes
dataset/img/Cam0 - Part 2-2021-05-14_19-53-00.jpg,cirriformes
dataset/img/Cam0 - Part 2-2021-05-14_20-13-00.jpg,estratocumuliformes
dataset/img/Cam0 - Part 2-2021-05-15_14-05-00.jpg,estratocumuliformes
dataset/img/Cam0 - Part 2-2021-05-15_14-35-00.jpg,estratiformes
dataset/img/Cam0 - Part 2-2021-05-15_15-04-00.jpg,estratocumuliformes
dataset/img/Cam0 - Part 2-2021-05-16_09-46-00.jpg,estratocumuliformes
dataset/img/Cam0 - Part 2-2021-05-16_15-07-00.jpg,estratiformes
dataset/img/Cam0 - Part 2-2021-06-02_11-32-00.jpg,estratocumuliformes
dataset/img/Cam0 - Part 2-2021-06-02_15-30-00.jpg,cirriformes
dataset/img/Cam0 - Part 2-2021-06-02_16-35-00.jpg,cirriformes
dataset/img/Cam0 - Part 2-2021-06-03_12-41-00.jpg,estratocumuliformes
dataset/img/Cam0 - Part 2-2021-06-03_13-09-00.jpg,estratocumuliformes
dataset/img/Cam0 - Part 2-2021-06-03_14-31-00.jpg,estratiformes
dataset/img/Cam0 - Part 2-2021-06-03_15-24-00.jpg,estratiformes
dataset/img/Cam0 - Part 2-2021-06-03_15-37-00.jpg,estratocumuliformes
dataset/img/Cam0 - Part 2-2021-06-03_15-46-00.jpg,estratocumuliformes
dataset/img/Cam0 - Part 2-2021-06-03_16-51-00.jpg,estratocumuliformes
dataset/img/Cam0 - Part 2-2021-06-03_18-01-00.jpg,estratocumuliformes
dataset/img/Cam0 - Part 2-2021-06-04_11-06-00.jpg,estratocumuliformes
dataset/img/Cam0 - Part 2-2021-06-04_13-16-00.jpg,estratocumuliformes
dataset/img/Cam0 - Part 2-2021-06-05_12-07-00.jpg,estratocumuliformes
dataset/img/Cam0 - Part 2-2021-06-05_15-04-00.jpg,estratocumuliformes
dataset/img/Cam0 - Part 2-2021-06-05_15-34-00.jpg,estratocumuliformes
dataset/img/Cam0 - Part 2-2021-06-06_11-11-00.jpg,cirriformes
dataset/img/Cam0 - Part 2-2021-06-06_11-53-00.jpg,cirriformes
dataset/img/Cam0 - Part 2-2021-06-06_13-00-00.jpg,estratocumuliformes
dataset/img/Cam0 - Part 2-2021-06-06_13-19-00.jpg,estratocumuliformes
dataset/img/Cam0 - Part 2-2021-06-06_14-02-00.jpg,estratocumuliformes
dataset/img/Cam0 - Part 2-2021-06-06_15-19-00.jpg,estratiformes
dataset/img/Cam0 - Part 2-2021-06-06_15-49-00.jpg,estratiformes
dataset/img/Cam0 - Part 2-2021-06-07_14-41-00.jpg,cumuliformes
dataset/img/Cam0-set-08-57-00.jpg,estratocumuliformes
dataset/img/Cam0-set-09-12-00.jpg,estratocumuliformes
dataset/img/Cam0-set-09-16-00.jpg,estratocumuliformes
dataset/img/Cam0-set-09-17-00 (1).jpg,estratocumuliformes
dataset/img/Cam0-set-09-17-00.jpg,estratocumuliformes
dataset/img/Cam0-set-09-22-00.jpg,estratocumuliformes
dataset/img/Cam0-set-09-23-00.jpg,estratocumuliformes
dataset/img/Cam0-set-09-24-00.jpg,estratocumuliformes
dataset/img/Cam0-set-09-28-00 (1).jpg,estratiformes
dataset/img/Cam0-set-09-28-00.jpg,estratocumuliformes
dataset/img/Cam0-set-09-30-00.jpg,estratocumuliformes
dataset/img/Cam0-set-09-31-00.jpg,estratocumuliformes
dataset/img/Cam0-set-09-35-00 (1).jpg,estratocumuliformes
dataset/img/Cam0-set-09-35-00.jpg,estratocumuliformes
dataset/img/Cam0-set-09-37-00 (1).jpg,estratocumuliformes
dataset/img/Cam0-set-09-37-00.jpg,estratocumuliformes
dataset/img/Cam0-set-09-38-00 (1).jpg,estratocumuliformes
dataset/img/Cam0-set-09-38-00.jpg,estratocumuliformes
dataset/img/Cam0-set-09-45-00.jpg,estratiformes
dataset/img/Cam0-set-09-50-00.jpg,estratiformes
dataset/img/Cam0-set-09-52-00 (1).jpg,estratocumuliformes
dataset/img/Cam0-set-09-52-00.jpg,estratocumuliformes
dataset/img/Cam0-set-09-53-00.jpg,estratocumuliformes
dataset/img/Cam0-set-09-56-00.jpg,estratocumuliformes
dataset/img/Cam0-set-10-01-00.jpg,estratiformes
dataset/img/Cam0-set-10-04-00.jpg,estratocumuliformes
dataset/img/Cam0-set-10-08-00 (1).jpg,estratocumuliformes
dataset/img/Cam0-set-10-08-00.jpg,estratocumuliformes
dataset/img/Cam0-set-10-09-00.jpg,estratocumuliformes
dataset/img/Cam0-set-10-13-00.jpg,estratocumuliformes
dataset/img/Cam0-set-10-14-00.jpg,estratocumuliformes
dataset/img/Cam0-set-10-18-00 (1).jpg,estratocumuliformes
dataset/img/Cam0-set-10-18-00.jpg,estratocumuliformes
dataset/img/Cam0-set-10-23-00.jpg,estratocumuliformes
dataset/img/Cam0-set-10-28-00.jpg,estratocumuliformes
dataset/img/Cam0-set-10-29-00.jpg,estratocumuliformes
dataset/img/Cam0-set-10-30-00.jpg,estratocumuliformes
dataset/img/Cam0-set-10-33-00.jpg,estratiformes
dataset/img/Cam0-set-10-34-00.jpg,estratocumuliformes
dataset/img/Cam0-set-10-38-00.jpg,estratocumuliformes
dataset/img/Cam0-set-10-39-00.jpg,estratocumuliformes
dataset/img/Cam0-set-10-42-00.jpg,estratocumuliformes
dataset/img/Cam0-set-10-43-00.jpg,estratocumuliformes
dataset/img/Cam0-set-10-45-00.jpg,estratocumuliformes
dataset/img/Cam0-set-10-47-00.jpg,estratiformes
dataset/img/Cam0-set-10-50-00.jpg,estratocumuliformes
dataset/img/Cam0-set-10-51-00.jpg,estratiformes
dataset/img/Cam0-set-10-52-00.jpg,estratocumuliformes
dataset/img/Cam0-set-10-53-00 (1).jpg,estratocumuliformes
dataset/img/Cam0-set-10-53-00.jpg,estratocumuliformes
dataset/img/Cam0-set-10-58-00.jpg,estratocumuliformes
dataset/img/Cam0-set-11-02-00 (1).jpg,cirriformes
dataset/img/Cam0-set-11-03-00.jpg,estratocumuliformes
dataset/img/Cam0-set-11-08-00 (1).jpg,estratocumuliformes
dataset/img/Cam0-set-11-08-00.jpg,estratocumuliformes
dataset/img/Cam0-set-11-10-00.jpg,estratocumuliformes
dataset/img/Cam0-set-11-13-00.jpg,estratocumuliformes
dataset/img/Cam0-set-11-14-00.jpg,cirriformes
dataset/img/Cam0-set-11-15-00.jpg,estratocumuliformes
dataset/img/Cam0-set-11-16-00.jpg,cirriformes
dataset/img/Cam0-set-11-18-00.jpg,estratocumuliformes
dataset/img/Cam0-set-11-19-00 (1).jpg,estratiformes
dataset/img/Cam0-set-11-19-00.jpg,estratocumuliformes
dataset/img/Cam0-set-11-25-00.jpg,estratocumuliformes
dataset/img/Cam0-set-11-26-00.jpg,cumuliformes
dataset/img/Cam0-set-11-28-00.jpg,estratocumuliformes
dataset/img/Cam0-set-11-34-00 (1).jpg,estratocumuliformes
dataset/img/Cam0-set-11-34-00.jpg,estratiformes
dataset/img/Cam0-set-11-38-00 (1).jpg,estratocumuliformes
dataset/img/Cam0-set-11-38-00.jpg,estratocumuliformes
dataset/img/Cam0-set-11-42-00.jpg,estratocumuliformes
dataset/img/Cam0-set-11-43-00.jpg,cumuliformes
dataset/img/Cam0-set-11-44-00.jpg,cumuliformes
dataset/img/Cam0-set-11-45-00.jpg,estratocumuliformes
dataset/img/Cam0-set-11-48-00.jpg,estratocumuliformes
dataset/img/Cam0-set-11-49-00.jpg,estratocumuliformes
dataset/img/Cam0-set-11-52-00.jpg,estratocumuliformes
dataset/img/Cam0-set-11-53-00.jpg,estratocumuliformes
dataset/img/Cam0-set-11-58-00.jpg,estratiformes
dataset/img/Cam0-set-12-00-00.jpg,cumuliformes
dataset/img/Cam0-set-12-01-00.jpg,estratocumuliformes
dataset/img/Cam0-set-12-02-00.jpg,estratocumuliformes
dataset/img/Cam0-set-12-03-00.jpg,estratiformes
dataset/img/Cam0-set-12-04-00.jpg,estratocumuliformes
dataset/img/Cam0-set-12-07-00 (1).jpg,cumuliformes
dataset/img/Cam0-set-12-07-00.jpg,estratocumuliformes
dataset/img/Cam0-set-12-08-00.jpg,estratocumuliformes
dataset/img/Cam0-set-12-12-00.jpg,estratocumuliformes
dataset/img/Cam0-set-12-17-00.jpg,estratocumuliformes
dataset/img/Cam0-set-12-21-00.jpg,cumuliformes
dataset/img/Cam0-set-12-22-00.jpg,estratocumuliformes
dataset/img/Cam0-set-12-24-00.jpg,estratiformes
dataset/img/Cam0-set-12-28-00.jpg,estratiformes
dataset/img/Cam0-set-12-29-00.jpg,estratiformes
dataset/img/Cam0-set-12-33-00.jpg,estratocumuliformes
dataset/img/Cam0-set-12-34-00.jpg,estratocumuliformes
dataset/img/Cam0-set-12-37-00.jpg,estratiformes
dataset/img/Cam0-set-12-39-00.jpg,estratiformes
dataset/img/Cam0-set-12-42-00.jpg,estratocumuliformes
dataset/img/Cam0-set-12-43-00.jpg,estratocumuliformes
dataset/img/Cam0-set-12-47-00.jpg,estratocumuliformes
dataset/img/Cam0-set-12-52-00.jpg,cirriformes
dataset/img/Cam0-set-12-53-00.jpg,estratocumuliformes
dataset/img/Cam0-set-12-54-00.jpg,estratocumuliformes
dataset/img/Cam0-set-12-58-00.jpg,estratiformes
dataset/img/Cam0-set-13-00-00.jpg,estratocumuliformes
dataset/img/Cam0-set-13-02-00.jpg,estratiformes
dataset/img/Cam0-set-13-03-00.jpg,estratiformes
dataset/img/Cam0-set-13-09-00.jpg,cirriformes
dataset/img/Cam0-set-13-10-00.jpg,estratiformes
dataset/img/Cam0-set-13-13-00.jpg,estratocumuliformes
dataset/img/Cam0-set-13-14-00.jpg,estratocumuliformes
dataset/img/Cam0-set-13-18-00.jpg,estratocumuliformes
dataset/img/Cam0-set-13-19-00.jpg,estratiformes
dataset/img/Cam0-set-13-20-00.jpg,estratocumuliformes
dataset/img/Cam0-set-13-27-00.jpg,estratocumuliformes
dataset/img/Cam0-set-13-30-00.jpg,estratocumuliformes
dataset/img/Cam0-set-13-31-00.jpg,cirriformes
dataset/img/Cam0-set-13-33-00.jpg,estratocumuliformes
dataset/img/Cam0-set-13-34-00.jpg,estratocumuliformes
dataset/img/Cam0-set-13-39-00.jpg,estratocumuliformes
dataset/img/Cam0-set-13-40-00.jpg,cirriformes
dataset/img/Cam0-set-13-43-00.jpg,estratiformes
dataset/img/Cam0-set-13-44-00.jpg,estratocumuliformes
dataset/img/Cam0-set-13-46-00.jpg,estratiformes
dataset/img/Cam0-set-13-52-00.jpg,estratocumuliformes
dataset/img/Cam0-set-13-57-00.jpg,estratocumuliformes
dataset/img/Cam0-set-13-58-00.jpg,estratiformes
dataset/img/Cam0-set-14-00-00.jpg,estratiformes
dataset/img/Cam0-set-14-03-00.jpg,cirriformes
dataset/img/Cam0-set-14-07-00.jpg,estratocumuliformes
dataset/img/Cam0-set-14-11-00.jpg,estratocumuliformes
dataset/img/Cam0-set-14-13-00.jpg,estratocumuliformes
dataset/img/Cam0-set-14-14-00.jpg,estratocumuliformes
dataset/img/Cam0-set-14-23-00.jpg,cumuliformes
dataset/img/Cam0-set-14-34-00.jpg,estratocumuliformes
dataset/img/Cam0-set-14-40-00 (1).jpg,estratiformes
dataset/img/Cam0-set-14-40-00.jpg,estratocumuliformes
dataset/img/Cam0-set-14-44-00.jpg,estratocumuliformes
dataset/img/Cam0-set-14-49-00.jpg,cumuliformes
dataset/img/Cam0-set-14-54-00.jpg,estratocumuliformes
dataset/img/Cam0-set-15-05-00.jpg,estratocumuliformes
dataset/img/Cam0-set-15-08-00.jpg,cumuliformes
dataset/img/Cam0-set-15-09-00.jpg,estratocumuliformes
dataset/img/Cam0-set-15-14-00.jpg,estratiformes
dataset/img/Cam0-set-15-16-00.jpg,estratocumuliformes
dataset/img/Cam0-set-15-18-00.jpg,estratocumuliformes
dataset/img/Cam0-set-15-29-00.jpg,estratocumuliformes
dataset/img/Cam0-set-15-30-00.jpg,estratocumuliformes
dataset/img/Cam0-set-15-35-00.jpg,estratocumuliformes
dataset/img/Cam0-set-15-38-00.jpg,estratocumuliformes
dataset/img/Cam0-set-15-49-00.jpg,estratocumuliformes
dataset/img/Cam0-set-15-53-00.jpg,estratocumuliformes
dataset/img/Cam0-set-16-00-00.jpg,estratocumuliformes
dataset/img/Cam0-set-16-05-00.jpg,estratocumuliformes
dataset/img/Cam0-set-16-13-00.jpg,estratiformes
dataset/img/Cam0-set-16-14-00.jpg,estratocumuliformes
dataset/img/Cam0-set-16-23-00.jpg,estratocumuliformes
dataset/img/Cam0-set-16-27-00.jpg,estratiformes
dataset/img/Cam0-set-16-48-00.jpg,estratiformes
dataset/img/Cam0-set-17-02-00.jpg,estratiformes
dataset/img/Cam0-set-17-05-00.jpg,cirriformes
dataset/img/Cam0-set-17-19-00.jpg,estratocumuliformes
dataset/img/Cam0-set-17-21-00.jpg,estratiformes
dataset/img/Cam0-set-17-38-00 - c√≥pia.jpg,estratocumuliformes
dataset/img/Cam0-set-17-38-00.jpg,estratocumuliformes
dataset/img/Cam0-set-17-49-00.jpg,estratocumuliformes
dataset/img/Cam0-set-17-54-00.jpg,estratocumuliformes
dataset/img/Cam0-set-18-06-00.jpg,estratiformes
dataset/img/Cam0-set-18-17-00.jpg,estratocumuliformes
dataset/img/Cam0-set-18-25-00.jpg,estratocumuliformes
dataset/img/Cam0-set-18-28-00.jpg,estratocumuliformes
dataset/img/Cam0-set-18-35-00.jpg,cirriformes
dataset/img/Cam0-set-18-41-00.jpg,estratocumuliformes
dataset/img/Cam0-set-18-59-00.jpg,estratiformes
dataset/img/Cam0-set-19-04-00.jpg,estratocumuliformes
dataset/img/Cam0-set-19-09-00.jpg,estratocumuliformes
dataset/img/Cam0-set-20-04-00.jpg,estratocumuliformes
dataset/img/Cam0-set-20-16-00.jpg,estratocumuliformes
dataset/img/Cam0-set-20-59-00.jpg,estratocumuliformes
dataset/img/Cam0-set-2021-03-03-06-32.jpg,estratiformes
dataset/img/Cam0-set-2021-03-03-08-11.jpg,estratocumuliformes
dataset/img/Cam0-set-2021-03-03-08-27.jpg,estratocumuliformes
dataset/img/Cam0-set-2021-03-03-08-57.jpg,estratocumuliformes
dataset/img/Cam0-set-2021-03-03-09-27.jpg,estratocumuliformes
dataset/img/Cam0-set-2021-03-03-09-51.jpg,estratocumuliformes
dataset/img/Cam0-set-2021-03-03-10-17.jpg,estratocumuliformes
dataset/img/Cam0-set-2021-03-03-10-42.jpg,estratocumuliformes
dataset/img/Cam0-set-2021-03-03-12-02.jpg,estratocumuliformes
dataset/img/Cam0-set-2021-03-03-13-32.jpg,estratocumuliformes
dataset/img/Cam0-set-2021-03-03-14-07.jpg,estratiformes
dataset/img/Cam0-set-2021-03-03-14-11.jpg,estratiformes
dataset/img/Cam0-set-2021-03-03-14-17.jpg,cirriformes
dataset/img/Cam0-set-2021-03-03-14-42.jpg,estratocumuliformes
dataset/img/Cam0-set-2021-03-03-15-22.jpg,estratocumuliformes
dataset/img/Cam0-set-2021-03-03-15-42.jpg,estratocumuliformes
dataset/img/Cam0-set-2021-03-03-17-22.jpg,estratocumuliformes
dataset/img/Cam0-set-2021-03-03-18-01.jpg,estratocumuliformes
dataset/img/Cam1 - Dezembro 2021-2021_12_01_11-20-00.jpg,cumuliformes
dataset/img/Cam1 - Dezembro 2021-2021_12_01_11-32-00.jpg,estratocumuliformes
dataset/img/Cam1 - Dezembro 2021-2021_12_01_11-40-00.jpg,cumuliformes
dataset/img/Cam1 - Dezembro 2021-2021_12_01_11-46-00.jpg,cirriformes
dataset/img/Cam1 - Dezembro 2021-2021_12_01_11-51-00.jpg,cirriformes
dataset/img/Cam1 - Dezembro 2021-2021_12_01_11-56-00.jpg,estratocumuliformes
dataset/img/Cam1 - Dezembro 2021-2021_12_01_11-59-00.jpg,cumuliformes
dataset/img/Cam1 - Dezembro 2021-2021_12_01_12-03-00.jpg,estratocumuliformes
dataset/img/Cam1 - Dezembro 2021-2021_12_01_12-24-00.jpg,cumuliformes
dataset/img/Cam1 - Dezembro 2021-2021_12_01_12-37-00.jpg,cumuliformes
dataset/img/Cam1 - Dezembro 2021-2021_12_06_12-26-00.jpg,estratocumuliformes
dataset/img/Cam1 - Dezembro 2021-2021_12_06_12-32-00.jpg,estratocumuliformes
dataset/img/Cam1 - Dezembro 2021-2021_12_06_12-44-00.jpg,estratocumuliformes
dataset/img/Cam1 - Dezembro 2021-2021_12_06_13-08-00.jpg,cumuliformes
dataset/img/Cam1 - Dezembro 2021-2021_12_07_09-05-00.jpg,cumuliformes
dataset/img/Cam1 - Dezembro 2021-2021_12_07_09-10-00.jpg,estratiformes
dataset/img/Cam1 - Dezembro 2021-2021_12_07_09-24-00.jpg,estratiformes
dataset/img/Cam1 - Dezembro 2021-2021_12_07_10-19-00.jpg,estratiformes
dataset/img/Cam1 - Dezembro 2021-2021_12_08_08-41-00.jpg,estratocumuliformes
dataset/img/Cam1 - Dezembro 2021-2021_12_08_09-04-00.jpg,estratocumuliformes
dataset/img/Cam1 - Dezembro 2021-2021_12_08_09-10-00.jpg,estratiformes
dataset/img/Cam1 - Dezembro 2021-2021_12_08_09-23-00.jpg,estratiformes
dataset/img/Cam1 - Dezembro 2021-2021_12_08_10-02-00.jpg,estratocumuliformes
dataset/img/Cam1 - Dezembro 2021-2021_12_08_10-05-00.jpg,estratiformes
dataset/img/Cam1 - Dezembro 2021-2021_12_08_11-14-00.jpg,estratocumuliformes
dataset/img/Cam1 - Dezembro 2021-2021_12_08_13-02-00.jpg,cumuliformes
dataset/img/Cam1 - Dezembro 2021-2021_12_08_13-35-00.jpg,estratiformes
dataset/img/Cam1 - Dezembro 2021-2021_12_08_13-59-00.jpg,estratocumuliformes
dataset/img/Cam1 - Dezembro 2021-2021_12_08_14-52-00.jpg,estratiformes
dataset/img/Cam1 - Dezembro 2021-2021_12_09_09-05-00.jpg,estratiformes
dataset/img/Cam1 - Dezembro 2021-2021_12_09_10-48-00.jpg,estratiformes
dataset/img/Cam1 - Dezembro 2021-2021_12_09_11-07-00.jpg,cirriformes
dataset/img/Cam1 - Dezembro 2021-2021_12_09_11-25-00.jpg,estratiformes
dataset/img/Cam1 - Dezembro 2021-2021_12_09_13-32-00.jpg,estratiformes
dataset/img/Cam1 - Dezembro 2021-2021_12_10_08-57-00.jpg,estratocumuliformes
dataset/img/Cam1 - Dezembro 2021-2021_12_10_09-19-00.jpg,estratocumuliformes
dataset/img/Cam1 - Dezembro 2021-2021_12_10_09-25-00.jpg,estratocumuliformes
dataset/img/Cam1 - Dezembro 2021-2021_12_10_09-33-00.jpg,estratocumuliformes
dataset/img/Cam1 - Dezembro 2021-2021_12_10_09-47-00.jpg,estratocumuliformes
dataset/img/Cam1 - Dezembro 2021-2021_12_10_10-28-00.jpg,estratiformes
dataset/img/Cam1 - Dezembro 2021-2021_12_18_08-42-00.jpg,cirriformes
dataset/img/Cam1 - Dezembro 2021-2021_12_18_08-48-00.jpg,cirriformes
dataset/img/Cam1 - Dezembro 2021-2021_12_18_10-19-00.jpg,estratiformes
dataset/img/Cam1 - Dezembro 2021-2021_12_18_10-25-00.jpg,cirriformes
dataset/img/Cam1 - Dezembro 2021-2021_12_18_10-34-00.jpg,estratiformes
dataset/img/Cam1 - Dezembro 2021-2021_12_18_10-54-00.jpg,cirriformes
dataset/img/Cam1 - Dezembro 2021-2021_12_18_10-58-00.jpg,cirriformes
dataset/img/Cam1 - Dezembro 2021-2021_12_18_11-49-00.jpg,cirriformes
dataset/img/Cam1 - Dezembro 2021-2021_12_18_12-04-00.jpg,estratiformes
dataset/img/Cam1 - Dezembro 2021-2021_12_18_12-08-00.jpg,estratocumuliformes
dataset/img/Cam1 - Dezembro 2021-2021_12_19_09-24-00.jpg,estratocumuliformes
dataset/img/Cam1 - Dezembro 2021-2021_12_19_09-36-00.jpg,estratocumuliformes
dataset/img/Cam1 - Dezembro 2021-2021_12_19_09-46-00.jpg,estratocumuliformes
dataset/img/Cam1 - Dezembro 2021-2021_12_19_11-52-00.jpg,cumuliformes
dataset/img/Cam1 - Dezembro 2021-2021_12_20_09-05-00.jpg,estratiformes
dataset/img/Cam1 - Dezembro 2021-2021_12_20_09-18-00.jpg,estratiformes
dataset/img/Cam1 - Dezembro 2021-2021_12_20_09-57-00.jpg,cirriformes
dataset/img/Cam1 - Dezembro 2021-2021_12_20_10-17-00.jpg,cumuliformes
dataset/img/Cam1 - Dezembro 2021-2021_12_20_10-31-00.jpg,estratiformes
dataset/img/Cam1 - Dezembro 2021-2021_12_20_10-54-00.jpg,estratiformes
dataset/img/Cam1 - Dezembro 2021-2021_12_20_12-35-00.jpg,estratocumuliformes
dataset/img/Cam1 - Dezembro 2021-2021_12_22_09-05-00.jpg,estratiformes
dataset/img/Cam1 - Dezembro 2021-2021_12_22_09-14-00.jpg,estratiformes
dataset/img/Cam1 - Dezembro 2021-2021_12_22_09-33-00.jpg,estratiformes
dataset/img/Cam1 - Dezembro 2021-2021_12_22_09-45-00.jpg,cirriformes
dataset/img/Cam1 - Dezembro 2021-2021_12_22_11-37-00.jpg,estratocumuliformes
dataset/img/Cam1 - Dezembro 2021-2021_12_23_10-47-00.jpg,estratocumuliformes
dataset/img/Cam1 - Dezembro 2021-2021_12_23_11-50-00.jpg,cumuliformes
dataset/img/Cam1 - Dezembro 2021-2021_12_23_12-55-00.jpg,estratiformes
dataset/img/Cam1 - Dezembro 2021-2021_12_23_13-48-00.jpg,estratiformes
dataset/img/Cam1 - Dezembro 2021-2021_12_24_09-11-00.jpg,estratocumuliformes
dataset/img/Cam1 - Dezembro 2021-2021_12_24_09-55-00.jpg,estratocumuliformes
dataset/img/Cam1 - Dezembro 2021-2021_12_24_10-01-00.jpg,estratiformes
dataset/img/Cam1 - Dezembro 2021-2021_12_24_10-17-00.jpg,estratiformes
dataset/img/Cam1 - Dezembro 2021-2021_12_24_10-50-00.jpg,cumuliformes
dataset/img/Cam1 - Dezembro 2021-2021_12_24_11-41-00.jpg,estratocumuliformes
dataset/img/Cam1 - Dezembro 2021-2021_12_24_12-25-00.jpg,estratocumuliformes
dataset/img/Cam1 - Dezembro 2021-2021_12_25_08-55-00.jpg,cumuliformes
dataset/img/Cam1 - Dezembro 2021-2021_12_26_12-30-00.jpg,cumuliformes
dataset/img/Cam1 - Dezembro 2021-2021_12_28_08-57-00.jpg,cirriformes
dataset/img/Cam1 - Maio 2021-2021-05-03_20-23-00.jpg,estratiformes
dataset/img/Cam1 - Maio 2021-2021-05-04_09-51-00.jpg,estratocumuliformes
dataset/img/Cam1 - Maio 2021-2021-05-04_10-08-00.jpg,estratocumuliformes
dataset/img/Cam1 - Maio 2021-2021-05-04_10-28-00.jpg,cirriformes
dataset/img/Cam1 - Maio 2021-2021-05-04_11-13-00.jpg,cirriformes
dataset/img/Cam1 - Maio 2021-2021-05-04_11-56-00.jpg,cirriformes
dataset/img/Cam1 - Maio 2021-2021-05-04_12-33-00.jpg,estratocumuliformes
dataset/img/Cam1 - Maio 2021-2021-05-04_12-46-00.jpg,estratocumuliformes
dataset/img/Cam1 - Maio 2021-2021-05-04_13-16-00.jpg,estratocumuliformes
dataset/img/Cam1 - Maio 2021-2021-05-04_13-35-00.jpg,estratiformes
dataset/img/Cam1 - Maio 2021-2021-05-04_13-50-00.jpg,estratiformes
dataset/img/Cam1 - Maio 2021-2021-05-04_14-33-00.jpg,cirriformes
dataset/img/Cam1 - Maio 2021-2021-05-04_15-17-00.jpg,estratiformes
dataset/img/Cam1 - Maio 2021-2021-05-04_15-45-00.jpg,cirriformes
dataset/img/Cam1 - Maio 2021-2021-05-04_16-11-00.jpg,estratiformes
dataset/img/Cam1 - Maio 2021-2021-05-04_16-41-00.jpg,estratocumuliformes
dataset/img/Cam1 - Maio 2021-2021-05-04_16-59-00.jpg,estratocumuliformes
dataset/img/Cam1 - Maio 2021-2021-05-04_17-48-00.jpg,estratocumuliformes
dataset/img/Cam1 - Maio 2021-2021-05-04_18-06-00.jpg,estratocumuliformes
dataset/img/Cam1 - Maio 2021-2021-05-04_19-42-00.jpg,estratocumuliformes
dataset/img/Cam1 - Maio 2021-2021-05-04_20-05-00.jpg,estratocumuliformes
dataset/img/Cam1 - Maio 2021-2021-05-04_20-44-00.jpg,estratocumuliformes
dataset/img/Cam1 - Maio 2021-2021-05-05_09-54-00.jpg,estratocumuliformes
dataset/img/Cam1 - Maio 2021-2021-05-05_10-06-00.jpg,estratocumuliformes
dataset/img/Cam1 - Maio 2021-2021-05-05_10-54-00.jpg,estratocumuliformes
dataset/img/Cam1 - Maio 2021-2021-05-05_11-18-00.jpg,estratocumuliformes
dataset/img/Cam1 - Maio 2021-2021-05-05_11-42-00.jpg,estratocumuliformes
dataset/img/Cam1 - Maio 2021-2021-05-05_11-53-00.jpg,estratocumuliformes
dataset/img/Cam1 - Maio 2021-2021-05-05_12-00-00.jpg,estratocumuliformes
dataset/img/Cam1 - Maio 2021-2021-05-05_12-10-00.jpg,estratocumuliformes
dataset/img/Cam1 - Maio 2021-2021-05-05_12-26-00.jpg,estratocumuliformes
dataset/img/Cam1 - Maio 2021-2021-05-05_12-30-00.jpg,estratocumuliformes
dataset/img/Cam1 - Maio 2021-2021-05-05_12-48-00.jpg,estratocumuliformes
dataset/img/Cam1 - Maio 2021-2021-05-05_13-05-00.jpg,estratocumuliformes
dataset/img/Cam1 - Maio 2021-2021-05-05_13-18-00.jpg,estratocumuliformes
dataset/img/Cam1 - Maio 2021-2021-05-05_13-29-00.jpg,estratocumuliformes
dataset/img/Cam1 - Maio 2021-2021-05-05_13-45-00.jpg,estratocumuliformes
dataset/img/Cam1 - Maio 2021-2021-05-05_14-01-00.jpg,estratocumuliformes
dataset/img/Cam1 - Maio 2021-2021-05-05_14-26-00.jpg,estratocumuliformes
dataset/img/Cam1 - Maio 2021-2021-05-05_14-31-00.jpg,estratocumuliformes
dataset/img/Cam1 - Maio 2021-2021-05-05_14-44-00.jpg,estratocumuliformes
dataset/img/Cam1 - Maio 2021-2021-05-05_14-56-00.jpg,estratocumuliformes
dataset/img/Cam1 - Maio 2021-2021-05-05_15-27-00.jpg,estratocumuliformes
dataset/img/Cam1 - Maio 2021-2021-05-05_15-55-00.jpg,estratiformes
dataset/img/Cam1 - Maio 2021-2021-05-05_16-21-00.jpg,estratocumuliformes
dataset/img/Cam1 - Maio 2021-2021-05-05_18-05-00.jpg,estratocumuliformes
dataset/img/Cam1 - Maio 2021-2021-05-05_18-41-00.jpg,estratocumuliformes
dataset/img/Cam1 - Maio 2021-2021-05-06_10-14-00.jpg,estratiformes
dataset/img/Cam1 - Maio 2021-2021-05-06_10-37-00.jpg,estratiformes
dataset/img/Cam1 - Maio 2021-2021-05-06_11-08-00.jpg,estratiformes
dataset/img/Cam1 - Maio 2021-2021-05-06_12-15-00.jpg,estratiformes
dataset/img/Cam1 - Maio 2021-2021-05-06_13-14-00.jpg,estratiformes
dataset/img/Cam1 - Maio 2021-2021-05-06_14-16-00.jpg,estratiformes
dataset/img/Cam1 - Maio 2021-2021-05-06_15-30-00.jpg,estratiformes
dataset/img/Cam1 - Maio 2021-2021-05-06_15-46-00.jpg,estratiformes
dataset/img/Cam1 - Maio 2021-2021-05-06_19-44-00.jpg,estratiformes
dataset/img/Cam1 - Maio 2021-2021-05-07_16-41-00.jpg,estratiformes
dataset/img/Cam1 - Maio 2021-2021-05-07_17-44-00.jpg,estratiformes
dataset/img/Cam1 - Maio 2021-2021-05-07_18-33-00.jpg,estratiformes
dataset/img/Cam1 - Maio 2021-2021-05-08_13-09-00.jpg,cirriformes
dataset/img/Cam1 - Maio 2021-2021-05-08_18-08-00.jpg,estratocumuliformes
dataset/img/Cam1 - Maio 2021-2021-05-09_10-03-00.jpg,estratocumuliformes
dataset/img/Cam1 - Maio 2021-2021-05-09_10-28-00.jpg,estratocumuliformes
dataset/img/Cam1 - Maio 2021-2021-05-09_10-46-00.jpg,estratocumuliformes
dataset/img/Cam1 - Maio 2021-2021-05-09_11-09-00.jpg,estratocumuliformes
dataset/img/Cam1 - Maio 2021-2021-05-09_11-15-00.jpg,estratocumuliformes
dataset/img/Cam1 - Maio 2021-2021-05-09_11-49-00.jpg,estratocumuliformes
dataset/img/Cam1 - Maio 2021-2021-05-09_12-45-00.jpg,estratocumuliformes
dataset/img/Cam1 - Maio 2021-2021-05-09_12-55-00.jpg,estratocumuliformes
dataset/img/Cam1 - Maio 2021-2021-05-09_13-35-00.jpg,estratocumuliformes
dataset/img/Cam1 - Maio 2021-2021-05-09_14-05-00.jpg,estratocumuliformes
dataset/img/Cam1 - Maio 2021-2021-05-09_14-29-00.jpg,estratocumuliformes
dataset/img/Cam1 - Maio 2021-2021-05-09_15-10-00.jpg,estratocumuliformes
dataset/img/Cam1 - Maio 2021-2021-05-09_16-11-00.jpg,estratocumuliformes
dataset/img/Cam1 - Maio 2021-2021-05-09_17-22-00.jpg,estratocumuliformes
dataset/img/Cam1 - Maio 2021-2021-05-10_10-17-00.jpg,estratocumuliformes
dataset/img/Cam1 - Maio 2021-2021-05-10_10-29-00.jpg,estratocumuliformes
dataset/img/Cam1 - Maio 2021-2021-05-10_10-59-00.jpg,estratocumuliformes
dataset/img/Cam1 - Maio 2021-2021-05-10_11-35-00.jpg,estratocumuliformes
dataset/img/Cam1 - Maio 2021-2021-05-10_12-47-00.jpg,estratocumuliformes
dataset/img/Cam1 - Maio 2021-2021-05-10_12-53-00.jpg,estratocumuliformes
dataset/img/Cam1 - Maio 2021-2021-05-10_13-27-00.jpg,estratocumuliformes
dataset/img/Cam1 - Maio 2021-2021-05-10_13-50-00.jpg,estratocumuliformes
dataset/img/Cam1 - Maio 2021-2021-05-10_14-05-00.jpg,estratocumuliformes
dataset/img/Cam1 - Maio 2021-2021-05-10_14-20-00.jpg,estratocumuliformes
dataset/img/Cam1 - Maio 2021-2021-05-10_14-29-00.jpg,estratocumuliformes
dataset/img/Cam1 - Maio 2021-2021-05-10_14-58-00.jpg,estratocumuliformes
dataset/img/Cam1 - Maio 2021-2021-05-10_15-10-00.jpg,estratocumuliformes
dataset/img/Cam1 - Maio 2021-2021-05-10_15-17-00.jpg,estratocumuliformes
dataset/img/Cam1 - Maio 2021-2021-05-10_15-22-00.jpg,estratocumuliformes
dataset/img/Cam1 - Maio 2021-2021-05-10_15-27-00.jpg,estratocumuliformes
dataset/img/Cam1 - Maio 2021-2021-05-10_15-32-00.jpg,estratocumuliformes
dataset/img/Cam1 - Maio 2021-2021-05-10_15-50-00.jpg,estratocumuliformes
dataset/img/Cam1 - Maio 2021-2021-05-10_16-10-00.jpg,estratocumuliformes
dataset/img/Cam1 - Maio 2021-2021-05-10_16-22-00.jpg,estratocumuliformes
dataset/img/Cam1 - Maio 2021-2021-05-10_16-29-00.jpg,estratocumuliformes
dataset/img/Cam1 - Maio 2021-2021-05-10_16-47-00.jpg,estratocumuliformes
dataset/img/Cam1 - Maio 2021-2021-05-10_17-09-00.jpg,estratocumuliformes
dataset/img/Cam1 - Maio 2021-2021-05-10_18-15-00.jpg,estratocumuliformes
dataset/img/Cam1 - Maio 2021-2021-05-10_18-22-00.jpg,estratocumuliformes
dataset/img/Cam1 - Maio 2021-2021-05-10_18-40-00.jpg,estratocumuliformes
dataset/img/Cam1 - Maio 2021-2021-05-10_18-56-00.jpg,estratocumuliformes
dataset/img/Cam1 - Maio 2021-2021-05-10_19-14-00.jpg,estratocumuliformes
dataset/img/Cam1 - Maio 2021-2021-05-11_10-12-00.jpg,estratocumuliformes
dataset/img/Cam1 - Maio 2021-2021-05-11_10-23-00.jpg,estratiformes
dataset/img/Cam1 - Maio 2021-2021-05-11_10-36-00.jpg,estratiformes
dataset/img/Cam1 - Maio 2021-2021-05-11_10-42-00.jpg,estratiformes
dataset/img/Cam1 - Maio 2021-2021-05-11_11-00-00.jpg,cirriformes
dataset/img/Cam1 - Maio 2021-2021-05-11_11-06-00.jpg,cirriformes
dataset/img/Cam1 - Maio 2021-2021-05-11_11-18-00.jpg,estratocumuliformes
dataset/img/Cam1 - Maio 2021-2021-05-11_11-28-00.jpg,cirriformes
dataset/img/Cam1 - Maio 2021-2021-05-11_11-54-00.jpg,estratiformes
dataset/img/Cam1 - Maio 2021-2021-05-11_12-10-00.jpg,estratocumuliformes
dataset/img/Cam1 - Maio 2021-2021-05-11_12-24-00.jpg,estratocumuliformes
dataset/img/Cam1 - Maio 2021-2021-05-11_12-42-00.jpg,estratocumuliformes
dataset/img/Cam1 - Maio 2021-2021-05-11_12-57-00.jpg,estratocumuliformes
dataset/img/Cam1 - Maio 2021-2021-05-11_14-03-00.jpg,estratiformes
dataset/img/Cam1 - Maio 2021-2021-05-11_16-54-00.jpg,estratiformes
dataset/img/Cam1 - Maio 2021-2021-05-11_19-22-00.jpg,estratocumuliformes
dataset/img/Cam1 - Maio 2021-2021-05-12_11-16-00.jpg,estratiformes
dataset/img/Cam1 - Maio 2021-2021-05-12_13-47-00.jpg,estratiformes
dataset/img/Cam1 - Maio 2021-2021-05-12_14-00-00.jpg,estratiformes
dataset/img/Cam1 - Maio 2021-2021-05-12_14-07-00.jpg,estratiformes
dataset/img/Cam1 - Maio 2021-2021-05-12_14-35-00.jpg,estratiformes
dataset/img/Cam1 - Maio 2021-2021-05-12_14-55-00.jpg,estratiformes
dataset/img/Cam1 - Maio 2021-2021-05-12_15-09-00.jpg,estratiformes
dataset/img/Cam1 - Maio 2021-2021-05-12_15-25-00.jpg,estratiformes
dataset/img/Cam1 - Maio 2021-2021-05-12_15-46-00.jpg,estratiformes
dataset/img/Cam1 - Maio 2021-2021-05-12_16-24-00.jpg,estratiformes
dataset/img/Cam1 - Maio 2021-2021-05-12_16-49-00.jpg,estratiformes
dataset/img/Cam1 - Maio 2021-2021-05-12_17-13-00.jpg,estratiformes
dataset/img/Cam1 - Maio 2021-2021-05-12_17-38-00.jpg,estratiformes
dataset/img/Cam1 - Maio 2021-2021-05-12_18-00-00.jpg,estratiformes
dataset/img/Cam1 - Maio 2021-2021-05-12_18-07-00.jpg,estratiformes
dataset/img/Cam1 - Maio 2021-2021-05-12_18-19-00.jpg,estratiformes
dataset/img/Cam1 - Maio 2021-2021-05-12_18-32-00.jpg,estratocumuliformes
dataset/img/Cam1 - Maio 2021-2021-05-12_19-02-00.jpg,estratiformes
dataset/img/Cam1 - Maio 2021-2021-05-12_19-27-00.jpg,estratocumuliformes
dataset/img/Cam1 - Maio 2021-2021-05-13_17-51-00.jpg,estratocumuliformes
dataset/img/Cam1 - Maio 2021-2021-05-13_17-53-00.jpg,cirriformes
dataset/img/Cam1 - Maio 2021-2021-05-14_10-11-00.jpg,estratiformes
dataset/img/Cam1 - Maio 2021-2021-05-14_10-32-00.jpg,estratiformes
dataset/img/Cam1 - Maio 2021-2021-05-14_10-50-00.jpg,estratiformes
dataset/img/Cam1 - Maio 2021-2021-05-14_11-01-00.jpg,estratiformes
dataset/img/Cam1 - Maio 2021-2021-05-14_11-25-00.jpg,estratiformes
dataset/img/Cam1 - Maio 2021-2021-05-14_11-43-00.jpg,cirriformes
dataset/img/Cam1 - Maio 2021-2021-05-14_11-55-00.jpg,cirriformes
dataset/img/Cam1 - Maio 2021-2021-05-14_12-12-00.jpg,estratiformes
dataset/img/Cam1 - Maio 2021-2021-05-14_12-26-00.jpg,estratiformes
dataset/img/Cam1 - Maio 2021-2021-05-14_12-44-00.jpg,estratiformes
dataset/img/Cam1 - Maio 2021-2021-05-14_13-02-00.jpg,estratocumuliformes
dataset/img/Cam1 - Maio 2021-2021-05-14_13-19-00.jpg,cirriformes
dataset/img/Cam1 - Maio 2021-2021-05-14_13-37-00.jpg,cirriformes
dataset/img/Cam1 - Maio 2021-2021-05-14_13-56-00.jpg,cirriformes
dataset/img/Cam1 - Maio 2021-2021-05-14_14-20-00.jpg,estratiformes
dataset/img/Cam1 - Maio 2021-2021-05-14_14-54-00.jpg,cirriformes
dataset/img/Cam1 - Maio 2021-2021-05-14_15-05-00.jpg,cirriformes
dataset/img/Cam1 - Maio 2021-2021-05-14_15-20-00.jpg,cirriformes
dataset/img/Cam1 - Maio 2021-2021-05-14_16-17-00.jpg,estratiformes
dataset/img/Cam1 - Maio 2021-2021-05-14_16-36-00.jpg,cirriformes
dataset/img/Cam1 - Maio 2021-2021-05-14_16-50-00.jpg,cirriformes
dataset/img/Cam1 - Maio 2021-2021-05-14_17-02-00.jpg,cirriformes
dataset/img/Cam1 - Maio 2021-2021-05-14_17-13-00.jpg,estratiformes
dataset/img/Cam1 - Maio 2021-2021-05-14_17-55-00.jpg,estratiformes
dataset/img/Cam1 - Maio 2021-2021-05-14_18-08-00.jpg,estratiformes
dataset/img/Cam1 - Maio 2021-2021-05-14_18-37-00.jpg,estratocumuliformes
dataset/img/Cam1 - Maio 2021-2021-05-14_18-52-00.jpg,estratocumuliformes
dataset/img/Cam1 - Maio 2021-2021-05-14_19-07-00.jpg,estratiformes
dataset/img/Cam1 - Maio 2021-2021-05-14_19-18-00.jpg,estratocumuliformes
dataset/img/Cam1 - Maio 2021-2021-05-14_19-36-00.jpg,estratocumuliformes
dataset/img/Cam1 - Maio 2021-2021-05-14_19-50-00.jpg,estratocumuliformes
dataset/img/Cam1 - Maio 2021-2021-05-15_10-18-00.jpg,estratocumuliformes
dataset/img/Cam1 - Maio 2021-2021-05-15_10-27-00.jpg,estratocumuliformes
dataset/img/Cam1 - Maio 2021-2021-05-15_10-46-00.jpg,estratocumuliformes
dataset/img/Cam1 - Maio 2021-2021-05-15_10-58-00.jpg,estratocumuliformes
dataset/img/Cam1 - Maio 2021-2021-05-15_14-12-00.jpg,estratocumuliformes
dataset/img/Cam1 - Maio 2021-2021-05-15_14-16-00.jpg,estratocumuliformes
dataset/img/Cam1 - Maio 2021-2021-05-15_14-47-00.jpg,estratocumuliformes
dataset/img/Cam1 - Maio 2021-2021-05-15_14-54-00.jpg,estratocumuliformes
dataset/img/Cam1 - Maio 2021-2021-05-15_15-06-00.jpg,estratocumuliformes
dataset/img/Cam1 - Maio 2021-2021-05-15_15-11-00.jpg,estratocumuliformes
dataset/img/Cam1 - Maio 2021-2021-05-15_15-20-00.jpg,estratocumuliformes
dataset/img/Cam1 - Maio 2021-2021-05-15_18-00-00.jpg,estratocumuliformes
dataset/img/Cam1 - Maio 2021-2021-05-16_10-05-00.jpg,estratocumuliformes
dataset/img/Cam1 - Maio 2021-2021-05-16_10-16-00.jpg,estratocumuliformes
dataset/img/Cam1 - Maio 2021-2021-05-16_10-29-00.jpg,estratocumuliformes
dataset/img/Cam1 - Maio 2021-2021-05-16_10-41-00.jpg,estratocumuliformes
dataset/img/Cam1 - Maio 2021-2021-05-16_10-51-00.jpg,estratocumuliformes
dataset/img/Cam1 - Maio 2021-2021-05-16_11-30-00.jpg,estratocumuliformes
dataset/img/Cam1 - Maio 2021-2021-05-16_11-48-00.jpg,estratocumuliformes
dataset/img/Cam1 - Maio 2021-2021-05-16_11-56-00.jpg,estratocumuliformes
dataset/img/Cam1 - Maio 2021-2021-05-16_12-22-00.jpg,estratocumuliformes
dataset/img/Cam1 - Maio 2021-2021-05-16_12-53-00.jpg,estratocumuliformes
dataset/img/Cam1 - Maio 2021-2021-05-16_13-14-00.jpg,estratocumuliformes
dataset/img/Cam1 - Maio 2021-2021-05-16_13-23-00.jpg,estratocumuliformes
dataset/img/Cam1 - Maio 2021-2021-05-16_15-12-00.jpg,estratocumuliformes
dataset/img/Cam1 - Maio 2021-2021-05-16_15-24-00.jpg,estratocumuliformes
dataset/img/Cam1 - Maio 2021-2021-05-16_15-37-00.jpg,estratocumuliformes
dataset/img/Cam1 - Maio 2021-2021-05-16_15-46-00.jpg,estratocumuliformes
dataset/img/Cam1 - Maio 2021-2021-05-16_16-00-00.jpg,estratocumuliformes
dataset/img/Cam1 - Maio 2021-2021-05-16_16-16-00.jpg,estratocumuliformes
dataset/img/Cam1 - Maio 2021-2021-05-16_16-29-00.jpg,estratocumuliformes
dataset/img/Cam1 - Maio 2021-2021-05-16_19-02-00.jpg,estratocumuliformes
dataset/img/Cam1 - Maio 2021-2021-05-16_19-27-00.jpg,estratocumuliformes
dataset/img/Cam1 - Maio 2021-2021-05-17_14-06-00.jpg,estratiformes
dataset/img/Cam1 - Maio 2021-2021-05-17_14-26-00.jpg,estratocumuliformes
dataset/img/Cam1 - Maio 2021-2021-05-17_14-43-00.jpg,estratocumuliformes
dataset/img/Cam1 - Maio 2021-2021-05-17_15-01-00.jpg,estratocumuliformes
dataset/img/Dataset-2021-03-04-06-15.jpg,estratocumuliformes
dataset/img/Dataset-2021-03-04-06-16.jpg,estratocumuliformes
dataset/img/Dataset-2021-03-04-06-17.jpg,estratocumuliformes
dataset/img/Dataset-2021-03-04-06-18.jpg,estratocumuliformes
dataset/img/Dataset-2021-03-04-06-19.jpg,estratocumuliformes
dataset/img/Dataset-2021-03-04-06-20.jpg,estratocumuliformes
dataset/img/Dataset-2021-03-04-06-21.jpg,estratocumuliformes
dataset/img/Dataset-2021-03-04-06-22.jpg,estratocumuliformes
dataset/img/Dataset-2021-03-04-06-23.jpg,estratocumuliformes
dataset/img/Dataset-2021-03-04-06-24.jpg,estratocumuliformes
dataset/img/Dataset-2021-03-04-06-25.jpg,estratocumuliformes
dataset/img/Dataset-2021-03-04-06-26.jpg,estratocumuliformes
dataset/img/Dataset-2021-03-04-06-27.jpg,estratocumuliformes
dataset/img/Dataset-2021-03-04-06-28.jpg,estratocumuliformes
dataset/img/Dataset-2021-03-04-06-29.jpg,estratocumuliformes
dataset/img/Dataset-2021-03-04-06-30.jpg,estratocumuliformes
dataset/img/Dataset-2021-03-04-06-31.jpg,estratocumuliformes
dataset/img/Dataset-2021-03-04-06-32.jpg,estratocumuliformes
dataset/img/Dataset-2021-03-04-06-33.jpg,estratocumuliformes
dataset/img/Dataset-2021-03-04-06-34.jpg,estratocumuliformes
dataset/img/Dataset-2021-03-04-06-35.jpg,estratocumuliformes
dataset/img/Dataset-2021-03-04-06-36.jpg,estratocumuliformes
dataset/img/Dataset-2021-03-04-06-37.jpg,estratocumuliformes
dataset/img/Dataset-2021-03-04-06-38.jpg,estratocumuliformes
dataset/img/Dataset-2021-03-04-06-39.jpg,estratocumuliformes
dataset/img/Dataset-2021-03-04-07-38.jpg,estratocumuliformes
dataset/img/Dataset-2021-03-04-07-39.jpg,estratocumuliformes
dataset/img/Dataset-2021-03-04-07-40.jpg,estratocumuliformes
dataset/img/Dataset-2021-03-04-07-41.jpg,estratocumuliformes
dataset/img/Dataset-2021-03-04-07-42.jpg,estratocumuliformes
dataset/img/Dataset-2021-03-04-07-43.jpg,cirriformes
dataset/img/Dataset-2021-03-04-07-44.jpg,cirriformes
dataset/img/Dataset-2021-03-04-07-45.jpg,cirriformes
dataset/img/Dataset-2021-03-04-07-46.jpg,cirriformes
dataset/img/Dataset-2021-03-04-07-47.jpg,cirriformes
dataset/img/Dataset-2021-03-04-07-48.jpg,cirriformes
dataset/img/Dataset-2021-03-04-07-49.jpg,cirriformes
dataset/img/Dataset-2021-03-04-07-50.jpg,cirriformes
dataset/img/Dataset-2021-03-04-07-51.jpg,cirriformes
dataset/img/Dataset-2021-03-04-07-52.jpg,cirriformes
dataset/img/Dataset-2021-03-04-07-53.jpg,estratocumuliformes
dataset/img/Dataset-2021-03-04-07-54.jpg,estratocumuliformes
dataset/img/Dataset-2021-03-04-07-55.jpg,estratocumuliformes
dataset/img/Dataset-2021-03-04-07-56.jpg,estratocumuliformes
dataset/img/Dataset-2021-03-04-07-57.jpg,estratocumuliformes
dataset/img/Dataset-2021-03-04-07-58.jpg,estratocumuliformes
dataset/img/Dataset-2021-03-04-07-59.jpg,estratiformes
dataset/img/Dataset-2021-03-05-11-29.jpg,cirriformes
dataset/img/Dataset-2021-03-05-11-30.jpg,cirriformes
dataset/img/Dataset-2021-03-05-11-31.jpg,cirriformes
dataset/img/Dataset-2021-03-05-11-32.jpg,cirriformes
dataset/img/Dataset-2021-03-05-11-33.jpg,cirriformes
dataset/img/Dataset-2021-03-05-11-34.jpg,cirriformes
dataset/img/Dataset-2021-03-05-11-35.jpg,cirriformes
dataset/img/Dataset-2021-03-05-11-36.jpg,cirriformes
dataset/img/Dataset-2021-03-05-11-37.jpg,cirriformes
dataset/img/Dataset-2021-03-05-11-38.jpg,cirriformes
dataset/img/Dataset-2021-03-05-11-39.jpg,cirriformes
dataset/img/Dataset-2021-03-05-11-40.jpg,cirriformes
dataset/img/Dataset-2021-03-05-11-41.jpg,cirriformes
dataset/img/Dataset-2021-03-05-11-42.jpg,cirriformes
dataset/img/Dataset-2021-03-05-11-43.jpg,cirriformes
dataset/img/Dataset-2021-03-05-11-44.jpg,cirriformes
dataset/img/Dataset-2021-03-05-11-45.jpg,cirriformes
dataset/img/Dataset-2021-03-05-11-46.jpg,cirriformes
dataset/img/Dataset-2021-03-05-11-47.jpg,cirriformes
dataset/img/Dataset-2021-03-05-11-48.jpg,cirriformes
dataset/img/Dataset-2021-03-05-11-49.jpg,cumuliformes
dataset/img/Dataset-2021-03-05-11-50.jpg,cumuliformes
dataset/img/Dataset-2021-03-05-11-51.jpg,cirriformes
dataset/img/Dataset-2021-03-05-11-52.jpg,cirriformes
dataset/img/Dataset-2021-03-05-11-53.jpg,cirriformes
dataset/img/Dataset-2021-03-05-11-54.jpg,cirriformes
dataset/img/Dataset-2021-03-05-11-55.jpg,cirriformes
dataset/img/Dataset-2021-03-05-11-56.jpg,estratocumuliformes
dataset/img/Dataset-2021-03-05-11-57.jpg,estratocumuliformes
dataset/img/Dataset-2021-03-05-11-58.jpg,estratocumuliformes
dataset/img/Dataset-2021-03-05-11-59.jpg,estratocumuliformes
dataset/img/Dataset-2021-03-05-12-00.jpg,estratocumuliformes
dataset/img/Dataset-2021-03-05-12-01.jpg,estratiformes
dataset/img/Dataset-2021-03-05-12-02.jpg,estratiformes
dataset/img/Dataset-2021-03-05-12-03.jpg,cirriformes
dataset/img/Dataset-2021-03-05-12-04.jpg,estratiformes
dataset/img/Dataset-2021-03-05-12-05.jpg,estratiformes
dataset/img/Dataset-2021-03-05-12-06.jpg,estratiformes
dataset/img/Dataset-2021-03-05-12-07.jpg,cirriformes
dataset/img/Dataset-2021-03-05-12-08.jpg,cirriformes
dataset/img/Dataset-2021-03-05-13-29.jpg,cumuliformes
dataset/img/Dataset-2021-03-05-13-30.jpg,cumuliformes
dataset/img/Dataset-2021-03-05-13-31.jpg,cirriformes
dataset/img/Dataset-2021-03-05-13-32.jpg,cirriformes
dataset/img/Dataset-2021-03-05-13-33.jpg,cirriformes
dataset/img/Dataset-2021-03-05-13-34.jpg,cirriformes
dataset/img/Dataset-2021-03-05-13-35.jpg,cirriformes
dataset/img/Dataset-2021-03-05-13-36.jpg,estratocumuliformes
dataset/img/Dataset-2021-03-05-13-37.jpg,estratocumuliformes
dataset/img/Dataset-2021-03-05-13-38.jpg,cirriformes
dataset/img/Dataset-2021-03-05-13-39.jpg,cirriformes
dataset/img/Dataset-2021-03-05-13-40.jpg,cirriformes
dataset/img/Dataset-2021-03-05-13-41.jpg,cirriformes
dataset/img/Dataset-2021-03-06-11-17.jpg,cumuliformes
dataset/img/Dataset-2021-03-06-11-18.jpg,cumuliformes
dataset/img/Dataset-2021-03-06-11-19.jpg,cumuliformes
dataset/img/Dataset-2021-03-06-11-20.jpg,cumuliformes
dataset/img/Dataset-2021-03-06-11-21.jpg,cumuliformes
dataset/img/Dataset-2021-03-06-11-22.jpg,cumuliformes
dataset/img/Dataset-2021-03-06-11-23.jpg,cumuliformes
dataset/img/Dataset-2021-03-06-11-24.jpg,cumuliformes
dataset/img/Dataset-2021-03-06-11-25.jpg,cumuliformes
dataset/img/Dataset-2021-03-06-16-18.jpg,estratiformes
dataset/img/Dataset-2021-03-06-16-19.jpg,estratiformes
dataset/img/Dataset-2021-03-06-16-20.jpg,estratiformes
dataset/img/Dataset-2021-03-06-16-21.jpg,estratiformes
dataset/img/Dataset-2021-03-06-16-22.jpg,cumuliformes
dataset/img/Dataset-2021-03-06-16-23.jpg,estratiformes
dataset/img/Dataset-2021-03-06-16-24.jpg,cumuliformes
dataset/img/Dataset-2021-03-06-16-25.jpg,cumuliformes
dataset/img/Dataset-2021-03-08-09-34.jpg,estratocumuliformes
dataset/img/Dataset-2021-03-08-09-35.jpg,estratocumuliformes
dataset/img/Dataset-2021-03-08-09-36.jpg,estratocumuliformes
dataset/img/Dataset-2021-03-08-09-37.jpg,estratocumuliformes
dataset/img/Dataset-2021-03-08-09-38.jpg,estratocumuliformes
dataset/img/Dataset-2021-03-08-09-39.jpg,estratocumuliformes
dataset/img/Dataset-2021-03-08-09-40.jpg,estratocumuliformes
dataset/img/Dataset-2021-03-08-09-41.jpg,estratocumuliformes
dataset/img/Dataset-2021-03-08-09-42.jpg,estratocumuliformes
dataset/img/Dataset-2021-03-08-09-43.jpg,estratocumuliformes
dataset/img/Dataset-2021-03-08-09-44.jpg,estratocumuliformes
dataset/img/Dataset-2021-03-08-09-45.jpg,estratocumuliformes
dataset/img/Dataset-2021-03-08-09-46.jpg,estratocumuliformes
dataset/img/Junho -2021-09-43-00.jpg,estratocumuliformes
dataset/img/Junho -2021-09-53-00.jpg,estratocumuliformes
dataset/img/Junho -2021-09-57-00.jpg,estratocumuliformes
dataset/img/Junho -2021-10-02-00.jpg,estratocumuliformes
dataset/img/Junho -2021-10-05-00.jpg,estratocumuliformes
dataset/img/Junho -2021-10-28-00.jpg,estratocumuliformes
dataset/img/Junho -2021-10-38-00.jpg,estratiformes
dataset/img/Junho -2021-10-43-00.jpg,estratiformes
dataset/img/Junho -2021-10-53-00 (1).jpg,estratocumuliformes
dataset/img/Junho -2021-10-53-00.jpg,estratiformes
dataset/img/Junho -2021-11-03-00.jpg,estratocumuliformes
dataset/img/Junho -2021-11-07-00.jpg,estratiformes
dataset/img/Junho -2021-11-09-00 (1).jpg,estratiformes
dataset/img/Junho -2021-11-09-00.jpg,estratocumuliformes
dataset/img/Junho -2021-11-18-00 (1).jpg,estratiformes
dataset/img/Junho -2021-11-18-00.jpg,estratocumuliformes
dataset/img/Junho -2021-11-19-00.jpg,estratocumuliformes
dataset/img/Junho -2021-11-34-00.jpg,estratocumuliformes
dataset/img/Junho -2021-11-49-00.jpg,estratocumuliformes
dataset/img/Junho -2021-11-59-00.jpg,estratocumuliformes
dataset/img/Junho -2021-12-08-00.jpg,estratiformes
dataset/img/Junho -2021-12-23-00.jpg,estratocumuliformes
dataset/img/Junho -2021-12-28-00.jpg,estratocumuliformes
dataset/img/Junho -2021-12-33-00.jpg,estratocumuliformes
dataset/img/Junho -2021-12-48-00.jpg,estratocumuliformes
dataset/img/Junho -2021-13-03-00.jpg,estratocumuliformes
dataset/img/Junho -2021-13-04-00.jpg,estratocumuliformes
dataset/img/Junho -2021-13-18-00.jpg,estratocumuliformes
dataset/img/Junho -2021-14-42-00.jpg,estratocumuliformes
dataset/img/Junho -2021-14-53-00.jpg,estratocumuliformes
dataset/img/Junho -2021-15-03-00.jpg,estratiformes
dataset/img/Junho -2021-15-07-00.jpg,estratiformes
dataset/img/Junho -2021-15-27-00.jpg,estratiformes
dataset/img/Junho -2021-15-40-00.jpg,estratiformes
dataset/img/Junho -2021-15-53-00.jpg,estratiformes
dataset/img/Junho -2021-15-57-00.jpg,estratiformes
dataset/img/Junho -2021-16-00-00.jpg,cirriformes
dataset/img/Junho -2021-16-17-00.jpg,estratocumuliformes
dataset/img/Junho -2021-16-46-00.jpg,estratiformes
dataset/img/Junho -2021-17-09-00.jpg,estratiformes
dataset/img/Junho -2021-17-34-00.jpg,cirriformes
dataset/img/Junho -2021-17-56-00.jpg,estratocumuliformes
dataset/img/Junho -2021-18-06-00.jpg,estratocumuliformes
dataset/img/Junho -2021-18-17-00.jpg,estratocumuliformes
dataset/img/Junho -2021-18-34-00.jpg,estratiformes
dataset/img/Junho -2021-19-02-00.jpg,estratocumuliformes
dataset/img/Junho -2021-19-37-00.jpg,estratocumuliformes
dataset/img/Junho -2021-20-37-00.jpg,estratocumuliformes
dataset/img/Mar√ßo-2021-07-52-00.jpg,estratocumuliformes
dataset/img/Mar√ßo-2021-07-53-00.jpg,estratocumuliformes
dataset/img/Mar√ßo-2021-08-05-00 2.jpg,estratocumuliformes
dataset/img/Mar√ßo-2021-08-05-00.jpg,estratiformes
dataset/img/Mar√ßo-2021-08-08-00.jpg,estratocumuliformes
dataset/img/Mar√ßo-2021-08-13-00.jpg,estratocumuliformes
dataset/img/Mar√ßo-2021-08-17-00 - c√≥pia.jpg,estratocumuliformes
dataset/img/Mar√ßo-2021-08-17-00.jpg,cirriformes
dataset/img/Mar√ßo-2021-08-20-00.jpg,estratocumuliformes
dataset/img/Mar√ßo-2021-08-26-00.jpg,estratiformes
dataset/img/Mar√ßo-2021-08-46-00.jpg,estratocumuliformes
dataset/img/Mar√ßo-2021-08-47-00 (1).jpg,estratocumuliformes
dataset/img/Mar√ßo-2021-08-58-00.jpg,estratocumuliformes
dataset/img/Mar√ßo-2021-09-05-00.jpg,estratocumuliformes
dataset/img/Mar√ßo-2021-09-06-00.jpg,cirriformes
dataset/img/Mar√ßo-2021-09-08-00.jpg,estratiformes
dataset/img/Mar√ßo-2021-09-12-00.jpg,estratocumuliformes
dataset/img/Mar√ßo-2021-09-17-00.jpg,estratocumuliformes
dataset/img/Mar√ßo-2021-09-19-00 - c√≥pia.jpg,estratocumuliformes
dataset/img/Mar√ßo-2021-09-19-00.jpg,cumuliformes
dataset/img/Mar√ßo-2021-09-30-00.jpg,estratocumuliformes
dataset/img/Mar√ßo-2021-09-31-00.jpg,cumuliformes
dataset/img/Mar√ßo-2021-09-32-00.jpg,estratocumuliformes
dataset/img/Mar√ßo-2021-09-41-00.jpg,estratocumuliformes
dataset/img/Mar√ßo-2021-09-44-00.jpg,estratocumuliformes
dataset/img/Mar√ßo-2021-09-55-00.jpg,estratocumuliformes
dataset/img/Mar√ßo-2021-09-59-00.jpg,estratocumuliformes
dataset/img/Mar√ßo-2021-10-00-00.jpg,estratocumuliformes
dataset/img/Mar√ßo-2021-10-05-00.jpg,estratocumuliformes
dataset/img/Mar√ßo-2021-10-14-00.jpg,estratocumuliformes
dataset/img/Mar√ßo-2021-10-19-00.jpg,estratocumuliformes
dataset/img/Mar√ßo-2021-10-26-00.jpg,estratocumuliformes
dataset/img/Mar√ßo-2021-10-32-00.jpg,cumuliformes
dataset/img/Mar√ßo-2021-10-46-00.jpg,estratocumuliformes
dataset/img/Mar√ßo-2021-10-47-00.jpg,estratocumuliformes
dataset/img/Mar√ßo-2021-10-48-00.jpg,estratocumuliformes
dataset/img/Mar√ßo-2021-10-50-00.jpg,estratocumuliformes
dataset/img/Mar√ßo-2021-10-59-00.jpg,cirriformes
dataset/img/Mar√ßo-2021-11-06-00.jpg,estratocumuliformes
dataset/img/Mar√ßo-2021-11-08-00 2.jpg,estratocumuliformes
dataset/img/Mar√ßo-2021-11-08-00.jpg,estratocumuliformes
dataset/img/Mar√ßo-2021-11-11-00.jpg,estratocumuliformes
dataset/img/Mar√ßo-2021-11-12-00.jpg,estratocumuliformes
dataset/img/Mar√ßo-2021-11-16-00.jpg,estratocumuliformes
dataset/img/Mar√ßo-2021-11-21-00.jpg,estratocumuliformes
dataset/img/Mar√ßo-2021-11-29-00.jpg,estratocumuliformes
dataset/img/Mar√ßo-2021-11-34-00.jpg,estratocumuliformes
dataset/img/Mar√ßo-2021-11-40-00.jpg,estratocumuliformes
dataset/img/Mar√ßo-2021-11-49-00.jpg,estratocumuliformes
dataset/img/Mar√ßo-2021-11-56-00.jpg,estratocumuliformes
dataset/img/Mar√ßo-2021-11-58-00.jpg,estratocumuliformes
dataset/img/Mar√ßo-2021-12-07-00.jpg,estratocumuliformes
dataset/img/Mar√ßo-2021-12-15-00.jpg,estratiformes
dataset/img/Mar√ßo-2021-12-18-00.jpg,estratocumuliformes
dataset/img/Mar√ßo-2021-12-19-00.jpg,estratocumuliformes
dataset/img/Mar√ßo-2021-12-22-00.jpg,estratocumuliformes
dataset/img/Mar√ßo-2021-12-26-00.jpg,estratocumuliformes
dataset/img/Mar√ßo-2021-12-29-00.jpg,estratocumuliformes
dataset/img/Mar√ßo-2021-12-31-00.jpg,estratocumuliformes
dataset/img/Mar√ßo-2021-12-39-00.jpg,estratocumuliformes
dataset/img/Mar√ßo-2021-12-41-00.jpg,estratocumuliformes
dataset/img/Mar√ßo-2021-12-42-00.jpg,estratocumuliformes
dataset/img/Mar√ßo-2021-12-45-00.jpg,estratocumuliformes
dataset/img/Mar√ßo-2021-12-49-00.jpg,estratocumuliformes
dataset/img/Mar√ßo-2021-12-57-00.jpg,cumuliformes
dataset/img/Mar√ßo-2021-13-01-00.jpg,estratocumuliformes
dataset/img/Mar√ßo-2021-13-03-00.jpg,estratiformes
dataset/img/Mar√ßo-2021-13-05-00.jpg,estratocumuliformes
dataset/img/Mar√ßo-2021-13-07-00.jpg,estratocumuliformes
dataset/img/Mar√ßo-2021-13-08-00.jpg,estratocumuliformes
dataset/img/Mar√ßo-2021-13-12-00.jpg,cumuliformes
dataset/img/Mar√ßo-2021-13-27-00.jpg,estratiformes
dataset/img/Mar√ßo-2021-13-38-00.jpg,cumuliformes
dataset/img/Mar√ßo-2021-13-44-00.jpg,estratocumuliformes
dataset/img/Mar√ßo-2021-13-45-00.jpg,cumuliformes
dataset/img/Mar√ßo-2021-13-46-00.jpg,estratocumuliformes
dataset/img/Mar√ßo-2021-13-52-00.jpg,estratocumuliformes
dataset/img/Mar√ßo-2021-13-53-00.jpg,estratocumuliformes
dataset/img/Mar√ßo-2021-14-08-00.jpg,estratocumuliformes
dataset/img/Mar√ßo-2021-14-11-00.jpg,estratocumuliformes
dataset/img/Mar√ßo-2021-14-29-00.jpg,cumuliformes
dataset/img/Mar√ßo-2021-14-33-00.jpg,cumuliformes
dataset/img/Mar√ßo-2021-14-35-00.jpg,estratocumuliformes
dataset/img/Mar√ßo-2021-14-45-00.jpg,estratiformes
dataset/img/Mar√ßo-2021-14-48-00.jpg,estratiformes
dataset/img/Mar√ßo-2021-14-53-00.jpg,estratocumuliformes
dataset/img/Mar√ßo-2021-14-56-00 - c√≥pia.jpg,estratocumuliformes
dataset/img/Mar√ßo-2021-14-56-00.jpg,estratocumuliformes
dataset/img/Mar√ßo-2021-15-02-00.jpg,estratocumuliformes
dataset/img/Mar√ßo-2021-15-08-00.jpg,cumuliformes
dataset/img/Mar√ßo-2021-15-12-00 2.jpg,cirriformes
dataset/img/Mar√ßo-2021-15-12-00.jpg,estratocumuliformes
dataset/img/Mar√ßo-2021-15-16-00.jpg,estratocumuliformes
dataset/img/Mar√ßo-2021-15-17-00.jpg,estratocumuliformes
dataset/img/Mar√ßo-2021-15-21-00.jpg,estratocumuliformes
dataset/img/Mar√ßo-2021-15-28-00.jpg,estratocumuliformes
dataset/img/Mar√ßo-2021-15-35-00.jpg,cumuliformes
dataset/img/Mar√ßo-2021-15-47-00.jpg,estratocumuliformes
dataset/img/Mar√ßo-2021-15-50-00.jpg,cumuliformes
dataset/img/Mar√ßo-2021-15-51-00.jpg,cumuliformes
dataset/img/Mar√ßo-2021-15-54-00.jpg,cumuliformes
dataset/img/Mar√ßo-2021-15-57-00.jpg,cumuliformes
dataset/img/Mar√ßo-2021-16-00-00.jpg,estratocumuliformes
dataset/img/Mar√ßo-2021-16-01-00.jpg,estratocumuliformes
dataset/img/Mar√ßo-2021-16-02-00.jpg,estratocumuliformes
dataset/img/Mar√ßo-2021-16-03-00.jpg,cumuliformes
dataset/img/Mar√ßo-2021-16-06-00.jpg,estratocumuliformes
dataset/img/Mar√ßo-2021-16-10-00.jpg,estratocumuliformes
dataset/img/Mar√ßo-2021-16-31-00.jpg,estratocumuliformes
dataset/img/Mar√ßo-2021-16-34-00.jpg,estratocumuliformes
dataset/img/Mar√ßo-2021-16-35-00.jpg,estratocumuliformes
dataset/img/Mar√ßo-2021-16-47-00.jpg,estratocumuliformes
dataset/img/Mar√ßo-2021-16-51-00.jpg,estratocumuliformes
dataset/img/Mar√ßo-2021-16-53-00.jpg,estratocumuliformes
dataset/img/Mar√ßo-2021-16-58-00.jpg,estratocumuliformes
dataset/img/Mar√ßo-2021-17-00-00.jpg,estratocumuliformes
dataset/img/Mar√ßo-2021-17-14-00 2.jpg,cirriformes
dataset/img/Mar√ßo-2021-17-14-00.jpg,estratocumuliformes
dataset/img/Mar√ßo-2021-17-16-00.jpg,estratocumuliformes
dataset/img/Mar√ßo-2021-17-20-00.jpg,estratocumuliformes
dataset/img/Mar√ßo-2021-17-25-00.jpg,estratocumuliformes
dataset/img/Mar√ßo-2021-17-37-00.jpg,estratocumuliformes
dataset/img/Mar√ßo-2021-17-38-00.jpg,estratocumuliformes
dataset/img/Mar√ßo-2021-17-39-00.jpg,estratocumuliformes
dataset/img/Mar√ßo-2021-17-41-00.jpg,estratocumuliformes
dataset/img/Mar√ßo-2021-17-45-00.jpg,estratocumuliformes
dataset/img/Mar√ßo-2021-17-46-00.jpg,estratocumuliformes
dataset/img/Mar√ßo-2021-17-56-00.jpg,estratocumuliformes
dataset/img/Mar√ßo-2021-17-57-00.jpg,estratocumuliformes
dataset/img/Mar√ßo-2021-17-58-00.jpg,estratocumuliformes
dataset/img/Mar√ßo-2021-17-59-00.jpg,estratocumuliformes
dataset/img/Mar√ßo-2021-18-10-00.jpg,estratocumuliformes
dataset/img/Mar√ßo-2021-18-11-00.jpg,estratocumuliformes
dataset/img/Mar√ßo-2021-18-14-00.jpg,estratocumuliformes
dataset/img/Mar√ßo-2021-18-16-00.jpg,estratocumuliformes
dataset/img/Mar√ßo-2021-18-20-00.jpg,estratocumuliformes
dataset/img/Mar√ßo-2021-18-21-00.jpg,estratocumuliformes
dataset/img/Mar√ßo-2021-18-29-00.jpg,estratocumuliformes
dataset/img/Mar√ßo-2021-18-32-00.jpg,estratocumuliformes
dataset/img/Mar√ßo-2021-18-45-00.jpg,estratocumuliformes
dataset/img/Mar√ßo-2021-18-51-00.jpg,estratocumuliformes
dataset/img/Mar√ßo-2021-18-55-00.jpg,estratocumuliformes
dataset/img/Mar√ßo-2021-19-00-00.jpg,estratocumuliformes
dataset/img/Norte-1-2021-04-09-06-01.jpg,estratocumuliformes
dataset/img/Norte-1-2021-04-09-06-02.jpg,estratocumuliformes
dataset/img/Norte-1-2021-04-09-06-03.jpg,estratocumuliformes
dataset/img/Norte-1-2021-04-09-06-04.jpg,estratocumuliformes
dataset/img/Norte-1-2021-04-09-06-05.jpg,estratocumuliformes
dataset/img/Norte-1-2021-04-09-06-06.jpg,estratocumuliformes
dataset/img/Norte-1-2021-04-09-06-07.jpg,estratocumuliformes
dataset/img/Norte-1-2021-04-09-06-08.jpg,estratocumuliformes
dataset/img/Norte-1-2021-04-09-06-09.jpg,estratocumuliformes
dataset/img/Norte-1-2021-04-09-06-10.jpg,estratocumuliformes
dataset/img/Norte-1-2021-04-09-06-11.jpg,estratocumuliformes
dataset/img/Norte-1-2021-04-09-06-12.jpg,estratocumuliformes
dataset/img/Norte-1-2021-04-09-06-13.jpg,estratocumuliformes
dataset/img/Norte-1-2021-04-09-06-14.jpg,estratocumuliformes
dataset/img/Norte-1-2021-04-09-06-15.jpg,estratocumuliformes
dataset/img/Norte-1-2021-04-09-06-16.jpg,estratocumuliformes
dataset/img/Norte-1-2021-04-09-06-17.jpg,estratocumuliformes
dataset/img/Norte-1-2021-04-09-06-18.jpg,estratocumuliformes
dataset/img/Norte-1-2021-04-09-06-19.jpg,estratocumuliformes
dataset/img/Norte-1-2021-04-09-06-20.jpg,estratocumuliformes
dataset/img/Norte-1-2021-04-09-06-21.jpg,estratocumuliformes
dataset/img/Norte-1-2021-04-09-06-22.jpg,estratocumuliformes
dataset/img/Norte-1-2021-04-09-06-23.jpg,estratocumuliformes
dataset/img/Norte-1-2021-04-09-06-24.jpg,estratocumuliformes
dataset/img/Norte-1-2021-04-09-06-25.jpg,estratocumuliformes
dataset/img/Norte-1-2021-04-09-06-26.jpg,estratocumuliformes
dataset/img/Norte-1-2021-04-09-06-27.jpg,estratocumuliformes
dataset/img/Norte-1-2021-04-09-06-28.jpg,estratocumuliformes
dataset/img/Norte-1-2021-04-09-06-29.jpg,estratocumuliformes
dataset/img/Norte-1-2021-04-09-06-30.jpg,estratocumuliformes
dataset/img/Norte-1-2021-04-09-06-31.jpg,estratocumuliformes
dataset/img/Norte-1-2021-04-09-06-32.jpg,estratocumuliformes
dataset/img/Norte-1-2021-04-09-06-33.jpg,estratocumuliformes
dataset/img/Norte-1-2021-04-09-06-34.jpg,estratocumuliformes
dataset/img/Norte-1-2021-04-09-06-35.jpg,estratocumuliformes
dataset/img/Norte-1-2021-04-09-06-36.jpg,estratocumuliformes
dataset/img/Norte-1-2021-04-09-06-37.jpg,estratocumuliformes
dataset/img/Norte-1-2021-04-09-06-38.jpg,estratocumuliformes
dataset/img/Norte-1-2021-04-09-06-39.jpg,estratocumuliformes
dataset/img/Norte-1-2021-04-09-06-40.jpg,estratocumuliformes
dataset/img/Norte-1-2021-04-09-06-41.jpg,estratocumuliformes
dataset/img/Norte-1-2021-04-09-06-42.jpg,estratocumuliformes
dataset/img/Norte-1-2021-04-09-06-43.jpg,estratocumuliformes
dataset/img/Norte-1-2021-04-09-06-44.jpg,estratocumuliformes
dataset/img/Norte-1-2021-04-09-06-45.jpg,estratocumuliformes
dataset/img/Norte-1-2021-04-09-06-46.jpg,estratocumuliformes
dataset/img/Norte-1-2021-04-09-06-47.jpg,estratocumuliformes
dataset/img/Norte-1-2021-04-09-06-48.jpg,estratocumuliformes
dataset/img/Norte-1-2021-04-09-06-49.jpg,estratocumuliformes
dataset/img/Norte-1-2021-04-09-06-50.jpg,estratocumuliformes
dataset/img/Norte-2-2021-04-09-10-00.jpg,estratocumuliformes
dataset/img/Norte-2-2021-04-09-10-01.jpg,estratocumuliformes
dataset/img/Norte-2-2021-04-09-10-02.jpg,estratocumuliformes
dataset/img/Norte-2-2021-04-09-10-03.jpg,estratocumuliformes
dataset/img/Norte-2-2021-04-09-10-04.jpg,estratocumuliformes
dataset/img/Norte-2-2021-04-09-10-05.jpg,estratocumuliformes
dataset/img/Norte-2-2021-04-09-10-06.jpg,estratocumuliformes
dataset/img/Norte-2-2021-04-09-10-07.jpg,estratocumuliformes
dataset/img/Norte-2-2021-04-09-10-08.jpg,estratocumuliformes
dataset/img/Norte-2-2021-04-09-10-09.jpg,estratocumuliformes
dataset/img/Norte-2-2021-04-09-10-10.jpg,estratocumuliformes
dataset/img/Norte-2-2021-04-09-10-11.jpg,estratocumuliformes
dataset/img/Norte-2-2021-04-09-10-12.jpg,estratocumuliformes
dataset/img/Norte-2-2021-04-09-10-13.jpg,estratocumuliformes
dataset/img/Norte-2-2021-04-09-10-14.jpg,estratocumuliformes
dataset/img/Norte-2-2021-04-09-10-15.jpg,estratocumuliformes
dataset/img/Norte-2-2021-04-09-10-16.jpg,estratocumuliformes
dataset/img/Norte-2-2021-04-09-10-17.jpg,estratocumuliformes
dataset/img/Norte-2-2021-04-09-10-18.jpg,estratocumuliformes
dataset/img/Norte-2-2021-04-09-10-19.jpg,estratocumuliformes
dataset/img/Norte-2-2021-04-09-10-20.jpg,estratocumuliformes
dataset/img/Norte-2-2021-04-09-10-21.jpg,estratocumuliformes
dataset/img/Norte-2-2021-04-09-10-22.jpg,estratocumuliformes
dataset/img/Norte-2-2021-04-09-10-23.jpg,estratocumuliformes
dataset/img/Norte-2-2021-04-09-10-24.jpg,estratocumuliformes
dataset/img/Norte-2-2021-04-09-10-25.jpg,estratocumuliformes
dataset/img/Norte-2-2021-04-09-10-26.jpg,estratocumuliformes
dataset/img/Norte-2-2021-04-09-10-27.jpg,estratocumuliformes
dataset/img/Norte-2-2021-04-09-10-28.jpg,estratocumuliformes
dataset/img/Norte-2-2021-04-09-10-29.jpg,estratocumuliformes
dataset/img/Norte-2-2021-04-09-10-30.jpg,estratocumuliformes
dataset/img/Norte-2-2021-04-09-10-33.jpg,estratocumuliformes
dataset/img/Norte-2-2021-04-09-10-34.jpg,estratocumuliformes
dataset/img/Norte-2-2021-04-09-10-35.jpg,estratocumuliformes
dataset/img/Norte-2-2021-04-09-10-36.jpg,estratocumuliformes
dataset/img/Norte-2-2021-04-09-10-37.jpg,estratocumuliformes
dataset/img/Norte-2-2021-04-09-10-38.jpg,estratocumuliformes
dataset/img/Norte-2-2021-04-09-10-39.jpg,estratocumuliformes
dataset/img/Norte-2-2021-04-09-10-40.jpg,estratocumuliformes
dataset/img/Norte-2-2021-04-09-10-41.jpg,estratocumuliformes
dataset/img/Norte-2-2021-04-09-10-42.jpg,estratocumuliformes
dataset/img/Norte-2-2021-04-09-10-43.jpg,estratocumuliformes
dataset/img/Norte-2-2021-04-09-10-44.jpg,estratocumuliformes
dataset/img/Norte-2-2021-04-09-10-45.jpg,estratocumuliformes
dataset/img/Norte-2-2021-04-09-10-46.jpg,estratocumuliformes
dataset/img/Norte-2-2021-04-09-10-47.jpg,estratocumuliformes
dataset/img/Norte-2-2021-04-09-10-48.jpg,estratocumuliformes
dataset/img/Norte-2-2021-04-09-10-49.jpg,estratocumuliformes
dataset/img/Norte-2-2021-04-09-10-50.jpg,estratocumuliformes
dataset/img/Norte-2-2021-04-09-10-51.jpg,estratocumuliformes
dataset/img/Norte-3-2021-04-09-07-17.jpg,estratocumuliformes
dataset/img/Norte-3-2021-04-09-07-18.jpg,estratocumuliformes
dataset/img/Norte-3-2021-04-09-07-19.jpg,estratocumuliformes
dataset/img/Norte-3-2021-04-09-07-20.jpg,estratocumuliformes
dataset/img/Norte-3-2021-04-09-07-21.jpg,estratocumuliformes
dataset/img/Norte-3-2021-04-09-07-22.jpg,estratocumuliformes
dataset/img/Norte-3-2021-04-09-07-23.jpg,estratocumuliformes
dataset/img/Norte-3-2021-04-09-07-24.jpg,estratocumuliformes
dataset/img/Norte-3-2021-04-09-07-25.jpg,estratocumuliformes
dataset/img/Norte-3-2021-04-09-07-26.jpg,estratocumuliformes
dataset/img/Norte-3-2021-04-09-07-27.jpg,estratocumuliformes
dataset/img/Norte-3-2021-04-09-07-28.jpg,estratocumuliformes
dataset/img/Norte-3-2021-04-09-07-29.jpg,estratocumuliformes
dataset/img/Norte-3-2021-04-09-07-30.jpg,estratocumuliformes
dataset/img/Norte-3-2021-04-09-07-31.jpg,estratocumuliformes
dataset/img/Norte-3-2021-04-09-07-32.jpg,estratocumuliformes
dataset/img/Norte-3-2021-04-09-07-33.jpg,estratocumuliformes
dataset/img/Norte-3-2021-04-09-07-34.jpg,cirriformes
dataset/img/Norte-3-2021-04-09-07-35.jpg,cirriformes
dataset/img/Norte-3-2021-04-09-07-36.jpg,cirriformes
dataset/img/Norte-3-2021-04-09-07-37.jpg,cirriformes
dataset/img/Norte-3-2021-04-09-07-38.jpg,cirriformes
dataset/img/Norte-3-2021-04-09-07-39.jpg,cirriformes
dataset/img/Norte-3-2021-04-09-07-40.jpg,cirriformes
dataset/img/Norte-3-2021-04-09-07-41.jpg,cirriformes
dataset/img/Norte-3-2021-04-09-07-42.jpg,cirriformes
dataset/img/Norte-3-2021-04-09-07-43.jpg,cirriformes
dataset/img/Norte-3-2021-04-09-07-44.jpg,cirriformes
dataset/img/Norte-3-2021-04-09-07-45.jpg,cirriformes
dataset/img/Norte-3-2021-04-09-07-46.jpg,cirriformes
dataset/img/Norte-3-2021-04-09-07-47.jpg,cirriformes
dataset/img/Norte-3-2021-04-09-07-48.jpg,estratocumuliformes
dataset/img/Norte-3-2021-04-09-07-49.jpg,estratocumuliformes
dataset/img/Norte-3-2021-04-09-07-50.jpg,estratocumuliformes
dataset/img/Norte-3-2021-04-09-07-51.jpg,estratocumuliformes
dataset/img/Norte-3-2021-04-09-07-52.jpg,estratocumuliformes
dataset/img/Norte-3-2021-04-09-07-53.jpg,estratocumuliformes
dataset/img/Norte-3-2021-04-09-07-54.jpg,estratocumuliformes
dataset/img/Norte-3-2021-04-09-07-55.jpg,estratocumuliformes
dataset/img/Norte-3-2021-04-09-07-56.jpg,estratocumuliformes
dataset/img/Norte-3-2021-04-09-07-57.jpg,estratocumuliformes
dataset/img/Norte-3-2021-04-09-07-58.jpg,estratocumuliformes
dataset/img/Norte-3-2021-04-09-07-59.jpg,estratocumuliformes
dataset/img/Norte-3-2021-04-09-08-00.jpg,estratocumuliformes
dataset/img/Norte-3-2021-04-09-08-01.jpg,estratocumuliformes
dataset/img/Norte-3-2021-04-09-08-02.jpg,estratocumuliformes
dataset/img/Norte-3-2021-04-09-08-03.jpg,estratocumuliformes
dataset/img/Norte-3-2021-04-09-08-04.jpg,cirriformes
dataset/img/Norte-3-2021-04-09-08-05.jpg,cirriformes
dataset/img/Norte-3-2021-04-09-08-06.jpg,cirriformes
dataset/img/Novembro-08-02-00.jpg,estratocumuliformes
dataset/img/Novembro-08-07-00.jpg,estratiformes
dataset/img/Novembro-08-08-00.jpg,estratocumuliformes
dataset/img/Novembro-08-09-00.jpg,estratocumuliformes
dataset/img/Novembro-08-10-00.jpg,estratocumuliformes
dataset/img/Novembro-08-32-00.jpg,estratocumuliformes
dataset/img/Novembro-08-33-00.jpg,estratocumuliformes
dataset/img/Novembro-08-38-00.jpg,estratocumuliformes
dataset/img/Novembro-08-42-00.jpg,estratocumuliformes
dataset/img/Novembro-08-47-00.jpg,estratocumuliformes
dataset/img/Novembro-08-52-00.jpg,estratocumuliformes
dataset/img/Novembro-08-58-00.jpg,estratiformes
dataset/img/Novembro-09-03-00.jpg,estratocumuliformes
dataset/img/Novembro-09-05-00.jpg,estratocumuliformes
dataset/img/Novembro-09-13-00.jpg,estratocumuliformes
dataset/img/Novembro-09-22-00.jpg,estratocumuliformes
dataset/img/Novembro-09-23-00.jpg,estratocumuliformes
dataset/img/Novembro-09-28-00.jpg,estratocumuliformes
dataset/img/Novembro-09-33-00.jpg,estratiformes
dataset/img/Novembro-09-37-00.jpg,estratiformes
dataset/img/Novembro-09-55-00.jpg,estratiformes
dataset/img/Novembro-10-12-00.jpg,estratiformes
dataset/img/Novembro-11-12-00.jpg,estratiformes
dataset/img/Novembro-11-37-00.jpg,estratiformes
dataset/img/Novembro-11-43-00.jpg,estratiformes
dataset/img/Novembro-11-48-00.jpg,estratiformes
dataset/img/Novembro-12-18-00.jpg,estratocumuliformes
dataset/img/Novembro-12-44-00.jpg,estratocumuliformes
dataset/img/Novembro-13-06-00.jpg,estratocumuliformes
dataset/img/Novembro-13-21-00.jpg,estratocumuliformes
dataset/img/Novembro-13-31-00.jpg,estratocumuliformes
dataset/img/Novembro-13-51-00.jpg,estratocumuliformes
dataset/img/Novembro-2021-11-01-08-21-00.jpg,estratocumuliformes
dataset/img/Novembro-2021-11-01-08-43-00.jpg,estratocumuliformes
dataset/img/Novembro-2021-11-01-08-47-00.jpg,estratocumuliformes
dataset/img/Novembro-2021-11-01-09-03-00.jpg,estratocumuliformes
dataset/img/Novembro-2021-11-01-09-14-00.jpg,estratocumuliformes
dataset/img/Novembro-2021-11-01-09-18-00.jpg,estratocumuliformes
dataset/img/Novembro-2021-11-01-09-58-00.jpg,estratiformes
dataset/img/Novembro-2021-11-01-10-37-00.jpg,estratiformes
dataset/img/Novembro-2021-11-01-12-08-00.jpg,estratiformes
dataset/img/Novembro-2021-11-01-12-27-00.jpg,estratiformes
dataset/img/Novembro-2021-11-01-13-07-00.jpg,estratiformes
dataset/img/Novembro-2021-11-01-13-34-00.jpg,estratiformes
dataset/img/Novembro-2021-11-01-13-40-00.jpg,estratocumuliformes
dataset/img/Novembro-2021-11-01-15-13-00.jpg,estratocumuliformes
dataset/img/Novembro-2021-11-01-15-23-00.jpg,estratocumuliformes
dataset/img/Novembro-2021-11-01-15-54-00.jpg,estratocumuliformes
dataset/img/Novembro-2021-11-02-08-03-00.jpg,estratocumuliformes
dataset/img/Novembro-2021-11-02-08-33-00.jpg,estratocumuliformes
dataset/img/Novembro-2021-11-02-09-03-00.jpg,estratocumuliformes
dataset/img/Novembro-2021-11-02-09-18-00.jpg,estratocumuliformes
dataset/img/Novembro-2021-11-02-09-37-00.jpg,estratocumuliformes
dataset/img/Novembro-2021-11-02-10-34-00.jpg,estratocumuliformes
dataset/img/Novembro-2021-11-02-11-30-00.jpg,estratocumuliformes
dataset/img/Novembro-2021-11-02-11-47-00.jpg,cumuliformes
dataset/img/Novembro-2021-11-02-12-08-00.jpg,cumuliformes
dataset/img/Novembro-2021-11-02-13-28-00.jpg,estratocumuliformes
dataset/img/Novembro-2021-11-03-08-27-00.jpg,estratocumuliformes
dataset/img/Novembro-2021-11-03-08-38-00.jpg,estratiformes
dataset/img/Novembro-2021-11-03-08-49-00.jpg,estratiformes
dataset/img/Novembro-2021-11-03-08-53-00.jpg,estratiformes
dataset/img/Novembro-2021-11-03-09-22-00.jpg,estratocumuliformes
dataset/img/Novembro-2021-11-03-09-39-00.jpg,estratocumuliformes
dataset/img/Novembro-2021-11-03-09-43-00.jpg,estratocumuliformes
dataset/img/Novembro-2021-11-03-09-54-00.jpg,estratocumuliformes
dataset/img/Novembro-2021-11-03-10-04-00.jpg,estratocumuliformes
dataset/img/Novembro-2021-11-03-11-08-00.jpg,estratocumuliformes
dataset/img/Novembro-2021-11-03-11-58-00.jpg,estratocumuliformes
dataset/img/Novembro-2021-11-03-12-05-00.jpg,estratocumuliformes
dataset/img/Novembro-2021-11-04-08-48-00.jpg,estratocumuliformes
dataset/img/Novembro-2021-11-04-08-59-00.jpg,estratocumuliformes
dataset/img/Novembro-2021-11-04-09-01-00.jpg,estratocumuliformes
dataset/img/Novembro-2021-11-04-09-20-00.jpg,estratocumuliformes
dataset/img/Novembro-2021-11-04-09-33-00.jpg,estratiformes
dataset/img/Novembro-2021-11-04-11-24-00.jpg,estratiformes
dataset/img/Novembro-2021-11-04-11-47-00.jpg,estratiformes
dataset/img/Novembro-2021-11-04-11-52-00.jpg,estratocumuliformes
dataset/img/Novembro-2021-11-04-13-13-00.jpg,estratocumuliformes
dataset/img/Novembro-2021-11-04-13-49-00.jpg,estratocumuliformes
dataset/img/Novembro-2021-11-04-14-04-00.jpg,estratiformes
dataset/img/Novembro-2021-11-04-14-17-00.jpg,estratocumuliformes
dataset/img/Novembro-2021-11-04-14-53-00.jpg,cumuliformes
dataset/img/Novembro-2021-11-04-15-03-00.jpg,estratocumuliformes
dataset/img/Novembro-2021-11-05-08-13-00.jpg,estratocumuliformes
dataset/img/Novembro-2021-11-05-08-18-00.jpg,estratocumuliformes
dataset/img/Novembro-2021-11-05-09-10-00.jpg,estratocumuliformes
dataset/img/Novembro-2021-11-06-08-13-00.jpg,estratocumuliformes
dataset/img/Novembro-2021-11-06-08-27-00.jpg,estratocumuliformes
dataset/img/Novembro-2021-11-06-10-27-00.jpg,estratocumuliformes
dataset/img/Novembro-2021-11-07-11-10-00.jpg,estratocumuliformes
dataset/img/Novembro-2021-11-19-08-43-00.jpg,estratiformes
dataset/img/Novembro-2021-11-19-08-59-00.jpg,estratocumuliformes
dataset/img/Novembro-2021-11-19-09-17-00.jpg,estratocumuliformes
dataset/img/Novembro-2021-11-19-10-25-00.jpg,estratocumuliformes
dataset/img/Novembro-2021-11-19-10-34-00.jpg,estratocumuliformes
dataset/img/Novembro-2021-11-19-11-08-00.jpg,estratocumuliformes
dataset/img/Novembro-2021-11-19-11-28-00.jpg,estratiformes
dataset/img/Novembro-2021-11-19-11-44-00.jpg,estratiformes
dataset/img/Novembro-2021-11-29-09-14-00.jpg,estratiformes
dataset/img/Nuvens Dez-Jan(Cam 0)-2022-12-22-08-01-00.jpg,cumuliformes
dataset/img/Nuvens Dez-Jan(Cam 0)-2022-12-22-08-02-00.jpg,cumuliformes
dataset/img/Nuvens Dez-Jan(Cam 0)-2022-12-22-08-18-00.jpg,cumuliformes
dataset/img/Nuvens Dez-Jan(Cam 0)-2022-12-22-08-37-00.jpg,cumuliformes
dataset/img/Nuvens Dez-Jan(Cam 0)-2022-12-22-08-41-00.jpg,estratocumuliformes
dataset/img/Nuvens Dez-Jan(Cam 0)-2022-12-22-09-12-00.jpg,cumuliformes
dataset/img/Nuvens Dez-Jan(Cam 0)-2022-12-23-08-51-00.jpg,estratocumuliformes
dataset/img/Nuvens Dez-Jan(Cam 0)-2022-12-23-09-23-00.jpg,estratocumuliformes
dataset/img/Nuvens Dez-Jan(Cam 0)-2022-12-23-12-44-00.jpg,cumuliformes
dataset/img/Nuvens Dez-Jan(Cam 0)-2022-12-23-13-52-00.jpg,cumuliformes
dataset/img/Nuvens Dez-Jan(Cam 0)-2022-12-23-14-40-00.jpg,cumuliformes
dataset/img/Nuvens Dez-Jan(Cam 0)-2022-12-23-15-21-00.jpg,cumuliformes
dataset/img/Nuvens Dez-Jan(Cam 0)-2022-12-23-15-51-00.jpg,cumuliformes
dataset/img/Nuvens Dez-Jan(Cam 0)-2022-12-23-16-01-00.jpg,cumuliformes
dataset/img/Nuvens Dez-Jan(Cam 0)-2022-12-24-08-27-00.jpg,estratocumuliformes
dataset/img/Nuvens Dez-Jan(Cam 0)-2022-12-24-08-32-00.jpg,cumuliformes
dataset/img/Nuvens Dez-Jan(Cam 0)-2022-12-26-13-33-00.jpg,estratocumuliformes
dataset/img/Nuvens Dez-Jan(Cam 0)-2022-12-26-13-37-00.jpg,estratocumuliformes
dataset/img/Nuvens Dez-Jan(Cam 0)-2022-12-26-14-26-00.jpg,estratocumuliformes
dataset/img/Nuvens Dez-Jan(Cam 0)-2022-12-26-15-20-00.jpg,estratocumuliformes
dataset/img/Nuvens Dez-Jan(Cam 0)-2022-12-26-15-29-00.jpg,estratocumuliformes
dataset/img/Nuvens Dez-Jan(Cam 0)-2022-12-26-15-34-00.jpg,estratocumuliformes
dataset/img/Nuvens Dez-Jan(Cam 0)-2022-12-26-15-40-00.jpg,estratocumuliformes
dataset/img/Nuvens Dez-Jan(Cam 0)-2022-12-27-10-11-00.jpg,estratocumuliformes
dataset/img/Nuvens Dez-Jan(Cam 0)-2022-12-27-10-16-00.jpg,estratocumuliformes
dataset/img/Nuvens Dez-Jan(Cam 0)-2022-12-27-10-20-00.jpg,estratocumuliformes
dataset/img/Nuvens Dez-Jan(Cam 0)-2022-12-27-10-24-00.jpg,estratocumuliformes
dataset/img/Nuvens Dez-Jan(Cam 0)-2022-12-27-10-29-00.jpg,cumuliformes
dataset/img/Nuvens Dez-Jan(Cam 0)-2022-12-27-10-38-00.jpg,estratocumuliformes
dataset/img/Nuvens Dez-Jan(Cam 0)-2022-12-27-10-43-00.jpg,cumuliformes
dataset/img/Nuvens Dez-Jan(Cam 0)-2022-12-27-11-48-00.jpg,cumuliformes
dataset/img/Nuvens Dez-Jan(Cam 0)-2022-12-27-12-04-00.jpg,cumuliformes
dataset/img/Nuvens Dez-Jan(Cam 0)-2022-12-27-12-38-00.jpg,cumuliformes
dataset/img/Nuvens Dez-Jan(Cam 0)-2022-12-27-13-28-00.jpg,estratocumuliformes
dataset/img/Nuvens Dez-Jan(Cam 0)-2022-12-27-14-28-00.jpg,estratocumuliformes
dataset/img/Nuvens Dez-Jan(Cam 0)-2022-12-28-10-25-00.jpg,estratocumuliformes
dataset/img/Nuvens Dez-Jan(Cam 0)-2022-12-28-15-29-00.jpg,estratocumuliformes
dataset/img/Nuvens Dez-Jan(Cam 0)-2022-12-28-19-22-00.jpg,estratiformes
dataset/img/Nuvens Dez-Jan(Cam 0)-2022-12-28-19-35-00.jpg,estratiformes
dataset/img/Nuvens Dez-Jan(Cam 0)-2022-12-28-20-54-00.jpg,estratocumuliformes
dataset/img/Nuvens Dez-Jan(Cam 0)-2022-12-28-21-53-00.jpg,estratiformes
dataset/img/Nuvens Dez-Jan(Cam 0)-2022-12-29-17-58-00.jpg,estratocumuliformes
dataset/img/Nuvens Dez-Jan(Cam 0)-2022-12-29-19-44-00.jpg,estratocumuliformes
dataset/img/Nuvens Dez-Jan(Cam 0)-2022-12-29-21-21-00.jpg,estratocumuliformes
dataset/img/Nuvens Dez-Jan(Cam 0)-2022-12-30-08-01-00.jpg,estratocumuliformes
dataset/img/Nuvens Dez-Jan(Cam 0)-2022-12-30-08-49-00.jpg,estratocumuliformes
dataset/img/Nuvens Dez-Jan(Cam 0)-2022-12-30-11-22-00.jpg,cumuliformes
dataset/img/Nuvens Dez-Jan(Cam 0)-2022-12-30-12-14-00.jpg,cumuliformes
dataset/img/Nuvens Dez-Jan(Cam 0)-2022-12-30-22-00-00.jpg,estratocumuliformes
dataset/img/Nuvens Dez-Jan(Cam 0)-2023-01-01-09-24-00.jpg,estratocumuliformes
dataset/img/Nuvens Dez-Jan(Cam 0)-2023-01-01-12-35-00.jpg,estratiformes
dataset/img/Nuvens Dez-Jan(Cam 0)-2023-01-01-13-13-00.jpg,estratiformes
dataset/img/Nuvens Dez-Jan(Cam 0)-2023-01-01-13-26-00.jpg,cumuliformes
dataset/img/Nuvens Dez-Jan(Cam 0)-2023-01-01-13-32-00.jpg,cumuliformes
dataset/img/Nuvens Dez-Jan(Cam 0)-2023-01-01-16-39-00.jpg,estratocumuliformes
dataset/img/Nuvens Dez-Jan(Cam 0)-2023-01-01-20-06-00.jpg,cumuliformes
dataset/img/Nuvens Dez-Jan(Cam 0)-2023-01-01-20-35-00.jpg,cumuliformes
dataset/img/Nuvens Dez-Jan(Cam 0)-2023-01-01-21-03-00.jpg,cumuliformes
dataset/img/Nuvens Dez-Jan(Cam 0)-2023-01-01-21-18-00.jpg,estratocumuliformes
dataset/img/Nuvens Dez-Jan(Cam 0)-2023-01-01-21-24-00.jpg,cumuliformes
dataset/img/Nuvens Dez-Jan(Cam 0)-2023-01-05-11-14-00.jpg,estratiformes
dataset/img/Nuvens Dez-Jan(Cam 0)-2023-01-05-12-24-00.jpg,estratiformes
dataset/img/Nuvens Dez-Jan(Cam 0)-2023-01-06-20-23-00.jpg,cumuliformes
dataset/img/Nuvens Dez-Jan(Cam 1)-09-14-00.jpg,estratocumuliformes
dataset/img/Nuvens Dez-Jan(Cam 1)-09-27-00.jpg,estratocumuliformes
dataset/img/Nuvens Dez-Jan(Cam 1)-09-38-00.jpg,cumuliformes
dataset/img/Nuvens Dez-Jan(Cam 1)-10-05-00.jpg,cumuliformes
dataset/img/Nuvens Dez-Jan(Cam 1)-11-12-00.jpg,estratocumuliformes
dataset/img/Nuvens Dez-Jan(Cam 1)-11-38-00.jpg,estratocumuliformes
dataset/img/Nuvens Dez-Jan(Cam 1)-11-51-00.jpg,cumuliformes
dataset/img/Nuvens Dez-Jan(Cam 1)-11-58-00.jpg,estratiformes
dataset/img/Nuvens Dez-Jan(Cam 1)-12-24-00.jpg,cirriformes
dataset/img/Nuvens Dez-Jan(Cam 1)-12-46-00.jpg,cumuliformes
dataset/img/Nuvens Dez-Jan(Cam 1)-12-48-00.jpg,estratocumuliformes
dataset/img/Nuvens Dez-Jan(Cam 1)-12-51-00.jpg,estratocumuliformes
dataset/img/Nuvens Dez-Jan(Cam 1)-12-55-00.jpg,estratocumuliformes
dataset/img/Nuvens Dez-Jan(Cam 1)-13-00-00.jpg,estratocumuliformes
dataset/img/Nuvens Dez-Jan(Cam 1)-13-18-00.jpg,cumuliformes
dataset/img/Nuvens Dez-Jan(Cam 1)-13-20-00.jpg,cumuliformes
dataset/img/Nuvens Dez-Jan(Cam 1)-13-49-00.jpg,estratocumuliformes
dataset/img/Nuvens Dez-Jan(Cam 1)-13-53-00.jpg,estratocumuliformes
dataset/img/Nuvens Dez-Jan(Cam 1)-14-12-00.jpg,cumuliformes
dataset/img/Nuvens Dez-Jan(Cam 1)-14-26-00.jpg,cumuliformes
dataset/img/Nuvens Dez-Jan(Cam 1)-14-31-00.jpg,estratocumuliformes
dataset/img/Nuvens Dez-Jan(Cam 1)-14-59-00.jpg,cumuliformes
dataset/img/Nuvens Dez-Jan(Cam 1)-15-33-00.jpg,estratiformes
dataset/img/Nuvens Dez-Jan(Cam 1)-16-05-00.jpg,cumuliformes
dataset/img/Nuvens Dez-Jan(Cam 1)-16-19-00.jpg,estratiformes
dataset/img/Nuvens Dez-Jan(Cam 1)-16-42-00.jpg,cumuliformes
dataset/img/Nuvens Dez-Jan(Cam 1)-18-21-00.jpg,cumuliformes
dataset/img/Nuvens Dez-Jan(Cam 1)-18-22-00.jpg,cumuliformes
dataset/img/Nuvens Dez-Jan(Cam 1)-18-44-00.jpg,cumuliformes
dataset/img/Nuvens Dez-Jan(Cam 1)-19-07-00.jpg,estratiformes
dataset/img/Nuvens Dez-Jan(Cam 1)-19-48-00.jpg,cumuliformes
dataset/img/Nuvens Dez-Jan(Cam 1)-20-49-00.jpg,estratocumuliformes
dataset/img/Sul-2-06-58-00.jpg,estratocumuliformes
dataset/img/Sul-2-06-59-00.jpg,estratocumuliformes
dataset/img/Sul-2-07-00-00.jpg,estratocumuliformes
dataset/img/Sul-2-07-01-00.jpg,estratocumuliformes
dataset/img/Sul-2-07-02-00.jpg,estratocumuliformes
dataset/img/Sul-2-07-03-00.jpg,estratocumuliformes
dataset/img/Sul-2-07-04-00.jpg,estratocumuliformes
dataset/img/Sul-2-07-05-00.jpg,estratocumuliformes
dataset/img/Sul-2-07-06-00.jpg,estratocumuliformes
dataset/img/Sul-2-07-07-00.jpg,estratocumuliformes
dataset/img/Sul-2-07-08-00.jpg,estratocumuliformes
dataset/img/Sul-2-07-09-00.jpg,estratocumuliformes
dataset/img/Sul-2-07-10-00.jpg,cirriformes
dataset/img/Sul-2-07-11-00.jpg,estratocumuliformes
dataset/img/Sul-2-07-12-00.jpg,cumuliformes
dataset/img/Sul-2-07-13-00.jpg,estratocumuliformes
dataset/img/Sul-2-07-14-00.jpg,estratocumuliformes
dataset/img/Sul-2-07-15-00.jpg,estratocumuliformes
dataset/img/Sul-2-07-16-00.jpg,estratocumuliformes
dataset/img/Sul-2-07-17-00.jpg,estratocumuliformes
dataset/img/Sul-2-07-18-00.jpg,estratocumuliformes
dataset/img/Sul-2-07-19-00.jpg,estratocumuliformes
dataset/img/Sul-2-07-20-00.jpg,estratocumuliformes
dataset/img/Sul-2-07-21-00.jpg,estratocumuliformes
dataset/img/Sul-2-07-22-00.jpg,estratocumuliformes
dataset/img/Sul-2-07-23-00.jpg,estratocumuliformes
dataset/img/Sul-2-07-24-00.jpg,estratocumuliformes
dataset/img/Sul-2-07-25-00.jpg,estratocumuliformes
dataset/img/Sul-2-07-26-00.jpg,estratocumuliformes
dataset/img/Sul-2-07-27-00.jpg,estratocumuliformes
dataset/img/Sul-2-07-28-00.jpg,estratocumuliformes
dataset/img/Sul-2-07-29-00.jpg,estratocumuliformes
dataset/img/Sul-2-07-30-00.jpg,cirriformes
dataset/img/Sul-2-07-31-00.jpg,estratocumuliformes
dataset/img/Sul-2-07-32-00.jpg,estratocumuliformes
dataset/img/Sul-2-07-33-00.jpg,cirriformes
dataset/img/Sul-2-07-34-00.jpg,estratocumuliformes
dataset/img/Sul-2-07-35-00.jpg,estratocumuliformes
dataset/img/Sul-2-07-36-00.jpg,estratocumuliformes
dataset/img/Sul-2-07-37-00.jpg,estratocumuliformes
dataset/img/Sul-2-07-38-00.jpg,estratocumuliformes
dataset/img/Sul-2-07-39-00.jpg,estratocumuliformes
dataset/img/Sul-2-07-40-00.jpg,estratocumuliformes
dataset/img/Sul-2-07-41-00.jpg,estratocumuliformes
dataset/img/Sul-2-07-42-00.jpg,estratocumuliformes
dataset/img/Sul-2-07-43-00.jpg,estratocumuliformes
dataset/img/Sul-2-07-44-00.jpg,estratocumuliformes
dataset/img/Sul-2-07-45-00.jpg,estratocumuliformes
dataset/img/Sul-2-07-46-00.jpg,estratocumuliformes
dataset/img/Sul-2-07-47-00.jpg,estratocumuliformes
dataset/img/Sul-3-09-27-00.jpg,estratiformes
dataset/img/Sul-3-09-28-00.jpg,estratocumuliformes
dataset/img/Sul-3-09-29-00.jpg,estratocumuliformes
dataset/img/Sul-3-09-30-00.jpg,estratocumuliformes
dataset/img/Sul-3-09-31-00.jpg,estratocumuliformes
dataset/img/Sul-3-09-32-00.jpg,cirriformes
dataset/img/Sul-3-09-33-00.jpg,cirriformes
dataset/img/Sul-3-09-34-00.jpg,estratocumuliformes
dataset/img/Sul-3-09-35-00.jpg,estratocumuliformes
dataset/img/Sul-3-09-36-00.jpg,estratocumuliformes
dataset/img/Sul-3-09-37-00.jpg,estratocumuliformes
dataset/img/Sul-3-09-38-00.jpg,estratocumuliformes
dataset/img/Sul-3-09-39-00.jpg,estratocumuliformes
dataset/img/Sul-3-09-40-00.jpg,estratocumuliformes
dataset/img/Sul-3-09-41-00.jpg,estratocumuliformes
dataset/img/Sul-3-09-42-00.jpg,estratocumuliformes
dataset/img/Sul-3-09-43-00.jpg,estratocumuliformes
dataset/img/Sul-3-09-44-00.jpg,estratocumuliformes
dataset/img/Sul-3-09-45-00.jpg,estratocumuliformes
dataset/img/Sul-3-09-46-00.jpg,estratocumuliformes
dataset/img/Sul-3-09-47-00.jpg,estratocumuliformes
dataset/img/Sul-3-09-48-00.jpg,estratocumuliformes
dataset/img/Sul-3-09-49-00.jpg,estratocumuliformes
dataset/img/Sul-3-09-50-00.jpg,estratocumuliformes
dataset/img/Sul-3-09-51-00.jpg,estratocumuliformes
dataset/img/Sul-3-09-52-00.jpg,estratocumuliformes
dataset/img/Sul-3-09-53-00.jpg,estratocumuliformes
dataset/img/Sul-3-09-54-00.jpg,estratocumuliformes
dataset/img/Sul-3-09-55-00.jpg,estratocumuliformes
dataset/img/Sul-3-09-56-00.jpg,estratocumuliformes
dataset/img/Sul-3-09-57-00.jpg,estratocumuliformes
dataset/img/Sul-3-09-58-00.jpg,estratocumuliformes
dataset/img/Sul-3-09-59-00.jpg,estratocumuliformes
dataset/img/Sul-3-10-00-00.jpg,estratocumuliformes
dataset/img/Sul-3-10-01-00.jpg,estratocumuliformes
dataset/img/Sul-3-10-02-00.jpg,estratocumuliformes
dataset/img/Sul-3-10-03-00.jpg,estratocumuliformes
dataset/img/Sul-3-10-04-00.jpg,estratocumuliformes
dataset/img/Sul-3-10-05-00.jpg,estratocumuliformes
dataset/img/Sul-3-10-06-00.jpg,estratocumuliformes
dataset/img/Sul-3-10-07-00.jpg,estratocumuliformes
dataset/img/Sul-3-10-08-00.jpg,estratocumuliformes
dataset/img/Sul-3-10-09-00.jpg,estratocumuliformes
dataset/img/Sul-3-10-10-00.jpg,estratocumuliformes
dataset/img/Sul-3-10-11-00.jpg,estratocumuliformes
dataset/img/Sul-3-10-12-00.jpg,estratocumuliformes
dataset/img/Sul-3-10-13-00.jpg,estratocumuliformes
dataset/img/Sul-3-10-14-00.jpg,estratocumuliformes
dataset/img/Sul-3-10-15-00.jpg,estratocumuliformes
dataset/img/Sul-3-10-16-00.jpg,estratocumuliformes